net,type,channel,lane,x_um,y_um
bond_ch0_lane0,signal,0,0,120.0,120.0
bond_ch0_lane1,signal,0,1,120.0,129.0
bond_ch0_lane2,signal,0,2,120.0,138.0
bond_ch0_lane3,signal,0,3,120.0,147.0
VDD_BOND,power,0,-1,124.5,124.5
VSS_BOND,power,0,-1,124.5,133.5
VDD_BOND,power,0,-1,124.5,142.5
VSS_BOND,power,0,-1,124.5,151.5
bond_ch0_lane4,signal,0,4,129.0,120.0
bond_ch0_lane5,signal,0,5,129.0,129.0
bond_ch0_lane6,signal,0,6,129.0,138.0
bond_ch0_lane7,signal,0,7,129.0,147.0
bond_ch0_lane8,signal,0,8,138.0,120.0
bond_ch0_lane9,signal,0,9,138.0,129.0
bond_ch0_lane10,signal,0,10,138.0,138.0
bond_ch0_lane11,signal,0,11,138.0,147.0
bond_ch0_lane12,signal,0,12,147.0,120.0
bond_ch0_lane13,signal,0,13,147.0,129.0
bond_ch0_lane14,signal,0,14,147.0,138.0
bond_ch0_lane15,signal,0,15,147.0,147.0
VDD_BOND,power,0,-1,151.5,124.5
VSS_BOND,power,0,-1,151.5,133.5
VDD_BOND,power,0,-1,151.5,142.5
VSS_BOND,power,0,-1,151.5,151.5
bond_ch0_lane16,signal,0,16,156.0,120.0
bond_ch0_lane17,signal,0,17,156.0,129.0
bond_ch0_lane18,signal,0,18,156.0,138.0
bond_ch0_lane19,signal,0,19,156.0,147.0
bond_ch0_lane20,signal,0,20,165.0,120.0
bond_ch0_lane21,signal,0,21,165.0,129.0
bond_ch0_lane22,signal,0,22,165.0,138.0
bond_ch0_lane23,signal,0,23,165.0,147.0
bond_ch0_lane24,signal,0,24,174.0,120.0
bond_ch0_lane25,signal,0,25,174.0,129.0
bond_ch0_lane26,signal,0,26,174.0,138.0
bond_ch0_lane27,signal,0,27,174.0,147.0
bond_ch0_lane28,signal,0,28,183.0,120.0
bond_ch0_lane29,signal,0,29,183.0,129.0
bond_ch0_lane30,signal,0,30,183.0,138.0
bond_ch0_lane31,signal,0,31,183.0,147.0
VDD_BOND,power,0,-1,187.5,124.5
VSS_BOND,power,0,-1,187.5,133.5
VDD_BOND,power,0,-1,187.5,142.5
VSS_BOND,power,0,-1,187.5,151.5
bond_ch0_lane32,signal,0,32,192.0,120.0
bond_ch0_lane33,signal,0,33,192.0,129.0
bond_ch0_lane34,signal,0,34,192.0,138.0
bond_ch0_lane35,signal,0,35,192.0,147.0
bond_ch0_lane36,signal,0,36,201.0,120.0
bond_ch0_lane37,signal,0,37,201.0,129.0
bond_ch0_lane38,signal,0,38,201.0,138.0
bond_ch0_lane39,signal,0,39,201.0,147.0
bond_ch0_lane40,signal,0,40,210.0,120.0
bond_ch0_lane41,signal,0,41,210.0,129.0
bond_ch0_lane42,signal,0,42,210.0,138.0
bond_ch0_lane43,signal,0,43,210.0,147.0
bond_ch0_lane44,signal,0,44,219.0,120.0
bond_ch0_lane45,signal,0,45,219.0,129.0
bond_ch0_lane46,signal,0,46,219.0,138.0
bond_ch0_lane47,signal,0,47,219.0,147.0
VDD_BOND,power,0,-1,223.5,124.5
VSS_BOND,power,0,-1,223.5,133.5
VDD_BOND,power,0,-1,223.5,142.5
VSS_BOND,power,0,-1,223.5,151.5
bond_ch0_lane48,signal,0,48,228.0,120.0
bond_ch0_lane49,signal,0,49,228.0,129.0
bond_ch0_lane50,signal,0,50,228.0,138.0
bond_ch0_lane51,signal,0,51,228.0,147.0
bond_ch0_lane52,signal,0,52,237.0,120.0
bond_ch0_lane53,signal,0,53,237.0,129.0
bond_ch0_lane54,signal,0,54,237.0,138.0
bond_ch0_lane55,signal,0,55,237.0,147.0
bond_ch0_lane56,signal,0,56,246.0,120.0
bond_ch0_lane57,signal,0,57,246.0,129.0
bond_ch0_lane58,signal,0,58,246.0,138.0
bond_ch0_lane59,signal,0,59,246.0,147.0
bond_ch0_lane60,signal,0,60,255.0,120.0
bond_ch0_lane61,signal,0,61,255.0,129.0
bond_ch0_lane62,signal,0,62,255.0,138.0
bond_ch0_lane63,signal,0,63,255.0,147.0
VDD_BOND,power,0,-1,259.5,124.5
VSS_BOND,power,0,-1,259.5,133.5
VDD_BOND,power,0,-1,259.5,142.5
VSS_BOND,power,0,-1,259.5,151.5
bond_ch0_lane64,signal,0,64,264.0,120.0
bond_ch0_lane65,signal,0,65,264.0,129.0
bond_ch0_lane66,signal,0,66,264.0,138.0
bond_ch0_lane67,signal,0,67,264.0,147.0
bond_ch0_lane68,signal,0,68,273.0,120.0
bond_ch0_lane69,signal,0,69,273.0,129.0
bond_ch0_lane70,signal,0,70,273.0,138.0
bond_ch0_lane71,signal,0,71,273.0,147.0
bond_ch0_lane72,signal,0,72,282.0,120.0
bond_ch0_lane73,signal,0,73,282.0,129.0
bond_ch0_lane74,signal,0,74,282.0,138.0
bond_ch0_lane75,signal,0,75,282.0,147.0
bond_ch0_lane76,signal,0,76,291.0,120.0
bond_ch0_lane77,signal,0,77,291.0,129.0
bond_ch0_lane78,signal,0,78,291.0,138.0
bond_ch0_lane79,signal,0,79,291.0,147.0
VDD_BOND,power,0,-1,295.5,124.5
VSS_BOND,power,0,-1,295.5,133.5
VDD_BOND,power,0,-1,295.5,142.5
VSS_BOND,power,0,-1,295.5,151.5
bond_ch0_lane80,signal,0,80,300.0,120.0
bond_ch0_lane81,signal,0,81,300.0,129.0
bond_ch0_lane82,signal,0,82,300.0,138.0
bond_ch0_lane83,signal,0,83,300.0,147.0
bond_ch0_lane84,signal,0,84,309.0,120.0
bond_ch0_lane85,signal,0,85,309.0,129.0
bond_ch0_lane86,signal,0,86,309.0,138.0
bond_ch0_lane87,signal,0,87,309.0,147.0
bond_ch0_lane88,signal,0,88,318.0,120.0
bond_ch0_lane89,signal,0,89,318.0,129.0
bond_ch0_lane90,signal,0,90,318.0,138.0
bond_ch0_lane91,signal,0,91,318.0,147.0
bond_ch0_lane92,signal,0,92,327.0,120.0
bond_ch0_lane93,signal,0,93,327.0,129.0
bond_ch0_lane94,signal,0,94,327.0,138.0
bond_ch0_lane95,signal,0,95,327.0,147.0
VDD_BOND,power,0,-1,331.5,124.5
VSS_BOND,power,0,-1,331.5,133.5
VDD_BOND,power,0,-1,331.5,142.5
VSS_BOND,power,0,-1,331.5,151.5
bond_ch0_lane96,signal,0,96,336.0,120.0
bond_ch0_lane97,signal,0,97,336.0,129.0
bond_ch0_lane98,signal,0,98,336.0,138.0
bond_ch0_lane99,signal,0,99,336.0,147.0
bond_ch0_lane100,signal,0,100,345.0,120.0
bond_ch0_lane101,signal,0,101,345.0,129.0
bond_ch0_lane102,signal,0,102,345.0,138.0
bond_ch0_lane103,signal,0,103,345.0,147.0
bond_ch0_lane104,signal,0,104,354.0,120.0
bond_ch0_lane105,signal,0,105,354.0,129.0
bond_ch0_lane106,signal,0,106,354.0,138.0
bond_ch0_lane107,signal,0,107,354.0,147.0
bond_ch0_lane108,signal,0,108,363.0,120.0
bond_ch0_lane109,signal,0,109,363.0,129.0
bond_ch0_lane110,signal,0,110,363.0,138.0
bond_ch0_lane111,signal,0,111,363.0,147.0
VDD_BOND,power,0,-1,367.5,124.5
VSS_BOND,power,0,-1,367.5,133.5
VDD_BOND,power,0,-1,367.5,142.5
VSS_BOND,power,0,-1,367.5,151.5
bond_ch0_lane112,signal,0,112,372.0,120.0
bond_ch0_lane113,signal,0,113,372.0,129.0
bond_ch0_lane114,signal,0,114,372.0,138.0
bond_ch0_lane115,signal,0,115,372.0,147.0
bond_ch0_lane116,signal,0,116,381.0,120.0
bond_ch0_lane117,signal,0,117,381.0,129.0
bond_ch0_lane118,signal,0,118,381.0,138.0
bond_ch0_lane119,signal,0,119,381.0,147.0
bond_ch0_lane120,signal,0,120,390.0,120.0
bond_ch0_lane121,signal,0,121,390.0,129.0
bond_ch0_lane122,signal,0,122,390.0,138.0
bond_ch0_lane123,signal,0,123,390.0,147.0
bond_ch0_lane124,signal,0,124,399.0,120.0
bond_ch0_lane125,signal,0,125,399.0,129.0
bond_ch0_lane126,signal,0,126,399.0,138.0
bond_ch0_lane127,signal,0,127,399.0,147.0
VDD_BOND,power,0,-1,403.5,124.5
VSS_BOND,power,0,-1,403.5,133.5
VDD_BOND,power,0,-1,403.5,142.5
VSS_BOND,power,0,-1,403.5,151.5
bond_ch0_lane128,signal,0,128,408.0,120.0
bond_ch0_lane129,signal,0,129,408.0,129.0
bond_ch0_lane130,signal,0,130,408.0,138.0
bond_ch0_lane131,signal,0,131,408.0,147.0
bond_ch0_lane132,signal,0,132,417.0,120.0
bond_ch0_lane133,signal,0,133,417.0,129.0
bond_ch0_lane134,signal,0,134,417.0,138.0
bond_ch0_lane135,signal,0,135,417.0,147.0
bond_ch0_lane136,signal,0,136,426.0,120.0
bond_ch0_lane137,signal,0,137,426.0,129.0
bond_ch0_lane138,signal,0,138,426.0,138.0
bond_ch0_lane139,signal,0,139,426.0,147.0
bond_ch0_lane140,signal,0,140,435.0,120.0
bond_ch0_lane141,signal,0,141,435.0,129.0
bond_ch0_lane142,signal,0,142,435.0,138.0
bond_ch0_lane143,signal,0,143,435.0,147.0
VDD_BOND,power,0,-1,439.5,124.5
VSS_BOND,power,0,-1,439.5,133.5
VDD_BOND,power,0,-1,439.5,142.5
VSS_BOND,power,0,-1,439.5,151.5
bond_ch0_lane144,signal,0,144,444.0,120.0
bond_ch0_lane145,signal,0,145,444.0,129.0
bond_ch0_lane146,signal,0,146,444.0,138.0
bond_ch0_lane147,signal,0,147,444.0,147.0
bond_ch0_lane148,signal,0,148,453.0,120.0
bond_ch0_lane149,signal,0,149,453.0,129.0
bond_ch0_lane150,signal,0,150,453.0,138.0
bond_ch0_lane151,signal,0,151,453.0,147.0
bond_ch0_lane152,signal,0,152,462.0,120.0
bond_ch0_lane153,signal,0,153,462.0,129.0
bond_ch0_lane154,signal,0,154,462.0,138.0
bond_ch0_lane155,signal,0,155,462.0,147.0
bond_ch0_lane156,signal,0,156,471.0,120.0
bond_ch0_lane157,signal,0,157,471.0,129.0
bond_ch0_lane158,signal,0,158,471.0,138.0
bond_ch0_lane159,signal,0,159,471.0,147.0
VDD_BOND,power,0,-1,475.5,124.5
VSS_BOND,power,0,-1,475.5,133.5
VDD_BOND,power,0,-1,475.5,142.5
VSS_BOND,power,0,-1,475.5,151.5
bond_ch0_lane160,signal,0,160,480.0,120.0
bond_ch0_lane161,signal,0,161,480.0,129.0
bond_ch0_lane162,signal,0,162,480.0,138.0
bond_ch0_lane163,signal,0,163,480.0,147.0
bond_ch0_lane164_spare,signal,0,164,489.0,120.0
bond_ch0_lane165_spare,signal,0,165,489.0,129.0
bond_ch0_lane166_spare,signal,0,166,489.0,138.0
bond_ch0_lane167_spare,signal,0,167,489.0,147.0
bond_ch0_lane168_spare,signal,0,168,498.0,120.0
bond_ch0_lane169_spare,signal,0,169,498.0,129.0
bond_ch0_lane170_spare,signal,0,170,498.0,138.0
bond_ch0_lane171_spare,signal,0,171,498.0,147.0
VDD_BOND,power,0,-1,502.5,124.5
VSS_BOND,power,0,-1,502.5,133.5
VDD_BOND,power,0,-1,502.5,142.5
VSS_BOND,power,0,-1,502.5,151.5
bond_ch1_lane0,signal,1,0,516.0,120.0
bond_ch1_lane1,signal,1,1,516.0,129.0
bond_ch1_lane2,signal,1,2,516.0,138.0
bond_ch1_lane3,signal,1,3,516.0,147.0
VDD_BOND,power,1,-1,520.5,124.5
VSS_BOND,power,1,-1,520.5,133.5
VDD_BOND,power,1,-1,520.5,142.5
VSS_BOND,power,1,-1,520.5,151.5
bond_ch1_lane4,signal,1,4,525.0,120.0
bond_ch1_lane5,signal,1,5,525.0,129.0
bond_ch1_lane6,signal,1,6,525.0,138.0
bond_ch1_lane7,signal,1,7,525.0,147.0
bond_ch1_lane8,signal,1,8,534.0,120.0
bond_ch1_lane9,signal,1,9,534.0,129.0
bond_ch1_lane10,signal,1,10,534.0,138.0
bond_ch1_lane11,signal,1,11,534.0,147.0
bond_ch1_lane12,signal,1,12,543.0,120.0
bond_ch1_lane13,signal,1,13,543.0,129.0
bond_ch1_lane14,signal,1,14,543.0,138.0
bond_ch1_lane15,signal,1,15,543.0,147.0
VDD_BOND,power,1,-1,547.5,124.5
VSS_BOND,power,1,-1,547.5,133.5
VDD_BOND,power,1,-1,547.5,142.5
VSS_BOND,power,1,-1,547.5,151.5
bond_ch1_lane16,signal,1,16,552.0,120.0
bond_ch1_lane17,signal,1,17,552.0,129.0
bond_ch1_lane18,signal,1,18,552.0,138.0
bond_ch1_lane19,signal,1,19,552.0,147.0
bond_ch1_lane20,signal,1,20,561.0,120.0
bond_ch1_lane21,signal,1,21,561.0,129.0
bond_ch1_lane22,signal,1,22,561.0,138.0
bond_ch1_lane23,signal,1,23,561.0,147.0
bond_ch1_lane24,signal,1,24,570.0,120.0
bond_ch1_lane25,signal,1,25,570.0,129.0
bond_ch1_lane26,signal,1,26,570.0,138.0
bond_ch1_lane27,signal,1,27,570.0,147.0
bond_ch1_lane28,signal,1,28,579.0,120.0
bond_ch1_lane29,signal,1,29,579.0,129.0
bond_ch1_lane30,signal,1,30,579.0,138.0
bond_ch1_lane31,signal,1,31,579.0,147.0
VDD_BOND,power,1,-1,583.5,124.5
VSS_BOND,power,1,-1,583.5,133.5
VDD_BOND,power,1,-1,583.5,142.5
VSS_BOND,power,1,-1,583.5,151.5
bond_ch1_lane32,signal,1,32,588.0,120.0
bond_ch1_lane33,signal,1,33,588.0,129.0
bond_ch1_lane34,signal,1,34,588.0,138.0
bond_ch1_lane35,signal,1,35,588.0,147.0
bond_ch1_lane36,signal,1,36,597.0,120.0
bond_ch1_lane37,signal,1,37,597.0,129.0
bond_ch1_lane38,signal,1,38,597.0,138.0
bond_ch1_lane39,signal,1,39,597.0,147.0
bond_ch1_lane40,signal,1,40,606.0,120.0
bond_ch1_lane41,signal,1,41,606.0,129.0
bond_ch1_lane42,signal,1,42,606.0,138.0
bond_ch1_lane43,signal,1,43,606.0,147.0
bond_ch1_lane44,signal,1,44,615.0,120.0
bond_ch1_lane45,signal,1,45,615.0,129.0
bond_ch1_lane46,signal,1,46,615.0,138.0
bond_ch1_lane47,signal,1,47,615.0,147.0
VDD_BOND,power,1,-1,619.5,124.5
VSS_BOND,power,1,-1,619.5,133.5
VDD_BOND,power,1,-1,619.5,142.5
VSS_BOND,power,1,-1,619.5,151.5
bond_ch1_lane48,signal,1,48,624.0,120.0
bond_ch1_lane49,signal,1,49,624.0,129.0
bond_ch1_lane50,signal,1,50,624.0,138.0
bond_ch1_lane51,signal,1,51,624.0,147.0
bond_ch1_lane52,signal,1,52,633.0,120.0
bond_ch1_lane53,signal,1,53,633.0,129.0
bond_ch1_lane54,signal,1,54,633.0,138.0
bond_ch1_lane55,signal,1,55,633.0,147.0
bond_ch1_lane56,signal,1,56,642.0,120.0
bond_ch1_lane57,signal,1,57,642.0,129.0
bond_ch1_lane58,signal,1,58,642.0,138.0
bond_ch1_lane59,signal,1,59,642.0,147.0
bond_ch1_lane60,signal,1,60,651.0,120.0
bond_ch1_lane61,signal,1,61,651.0,129.0
bond_ch1_lane62,signal,1,62,651.0,138.0
bond_ch1_lane63,signal,1,63,651.0,147.0
VDD_BOND,power,1,-1,655.5,124.5
VSS_BOND,power,1,-1,655.5,133.5
VDD_BOND,power,1,-1,655.5,142.5
VSS_BOND,power,1,-1,655.5,151.5
bond_ch1_lane64,signal,1,64,660.0,120.0
bond_ch1_lane65,signal,1,65,660.0,129.0
bond_ch1_lane66,signal,1,66,660.0,138.0
bond_ch1_lane67,signal,1,67,660.0,147.0
bond_ch1_lane68,signal,1,68,669.0,120.0
bond_ch1_lane69,signal,1,69,669.0,129.0
bond_ch1_lane70,signal,1,70,669.0,138.0
bond_ch1_lane71,signal,1,71,669.0,147.0
bond_ch1_lane72,signal,1,72,678.0,120.0
bond_ch1_lane73,signal,1,73,678.0,129.0
bond_ch1_lane74,signal,1,74,678.0,138.0
bond_ch1_lane75,signal,1,75,678.0,147.0
bond_ch1_lane76,signal,1,76,687.0,120.0
bond_ch1_lane77,signal,1,77,687.0,129.0
bond_ch1_lane78,signal,1,78,687.0,138.0
bond_ch1_lane79,signal,1,79,687.0,147.0
VDD_BOND,power,1,-1,691.5,124.5
VSS_BOND,power,1,-1,691.5,133.5
VDD_BOND,power,1,-1,691.5,142.5
VSS_BOND,power,1,-1,691.5,151.5
bond_ch1_lane80,signal,1,80,696.0,120.0
bond_ch1_lane81,signal,1,81,696.0,129.0
bond_ch1_lane82,signal,1,82,696.0,138.0
bond_ch1_lane83,signal,1,83,696.0,147.0
bond_ch1_lane84,signal,1,84,705.0,120.0
bond_ch1_lane85,signal,1,85,705.0,129.0
bond_ch1_lane86,signal,1,86,705.0,138.0
bond_ch1_lane87,signal,1,87,705.0,147.0
bond_ch1_lane88,signal,1,88,714.0,120.0
bond_ch1_lane89,signal,1,89,714.0,129.0
bond_ch1_lane90,signal,1,90,714.0,138.0
bond_ch1_lane91,signal,1,91,714.0,147.0
bond_ch1_lane92,signal,1,92,723.0,120.0
bond_ch1_lane93,signal,1,93,723.0,129.0
bond_ch1_lane94,signal,1,94,723.0,138.0
bond_ch1_lane95,signal,1,95,723.0,147.0
VDD_BOND,power,1,-1,727.5,124.5
VSS_BOND,power,1,-1,727.5,133.5
VDD_BOND,power,1,-1,727.5,142.5
VSS_BOND,power,1,-1,727.5,151.5
bond_ch1_lane96,signal,1,96,732.0,120.0
bond_ch1_lane97,signal,1,97,732.0,129.0
bond_ch1_lane98,signal,1,98,732.0,138.0
bond_ch1_lane99,signal,1,99,732.0,147.0
bond_ch1_lane100,signal,1,100,741.0,120.0
bond_ch1_lane101,signal,1,101,741.0,129.0
bond_ch1_lane102,signal,1,102,741.0,138.0
bond_ch1_lane103,signal,1,103,741.0,147.0
bond_ch1_lane104,signal,1,104,750.0,120.0
bond_ch1_lane105,signal,1,105,750.0,129.0
bond_ch1_lane106,signal,1,106,750.0,138.0
bond_ch1_lane107,signal,1,107,750.0,147.0
bond_ch1_lane108,signal,1,108,759.0,120.0
bond_ch1_lane109,signal,1,109,759.0,129.0
bond_ch1_lane110,signal,1,110,759.0,138.0
bond_ch1_lane111,signal,1,111,759.0,147.0
VDD_BOND,power,1,-1,763.5,124.5
VSS_BOND,power,1,-1,763.5,133.5
VDD_BOND,power,1,-1,763.5,142.5
VSS_BOND,power,1,-1,763.5,151.5
bond_ch1_lane112,signal,1,112,768.0,120.0
bond_ch1_lane113,signal,1,113,768.0,129.0
bond_ch1_lane114,signal,1,114,768.0,138.0
bond_ch1_lane115,signal,1,115,768.0,147.0
bond_ch1_lane116,signal,1,116,777.0,120.0
bond_ch1_lane117,signal,1,117,777.0,129.0
bond_ch1_lane118,signal,1,118,777.0,138.0
bond_ch1_lane119,signal,1,119,777.0,147.0
bond_ch1_lane120,signal,1,120,786.0,120.0
bond_ch1_lane121,signal,1,121,786.0,129.0
bond_ch1_lane122,signal,1,122,786.0,138.0
bond_ch1_lane123,signal,1,123,786.0,147.0
bond_ch1_lane124,signal,1,124,795.0,120.0
bond_ch1_lane125,signal,1,125,795.0,129.0
bond_ch1_lane126,signal,1,126,795.0,138.0
bond_ch1_lane127,signal,1,127,795.0,147.0
VDD_BOND,power,1,-1,799.5,124.5
VSS_BOND,power,1,-1,799.5,133.5
VDD_BOND,power,1,-1,799.5,142.5
VSS_BOND,power,1,-1,799.5,151.5
bond_ch1_lane128,signal,1,128,804.0,120.0
bond_ch1_lane129,signal,1,129,804.0,129.0
bond_ch1_lane130,signal,1,130,804.0,138.0
bond_ch1_lane131,signal,1,131,804.0,147.0
bond_ch1_lane132,signal,1,132,813.0,120.0
bond_ch1_lane133,signal,1,133,813.0,129.0
bond_ch1_lane134,signal,1,134,813.0,138.0
bond_ch1_lane135,signal,1,135,813.0,147.0
bond_ch1_lane136,signal,1,136,822.0,120.0
bond_ch1_lane137,signal,1,137,822.0,129.0
bond_ch1_lane138,signal,1,138,822.0,138.0
bond_ch1_lane139,signal,1,139,822.0,147.0
bond_ch1_lane140,signal,1,140,831.0,120.0
bond_ch1_lane141,signal,1,141,831.0,129.0
bond_ch1_lane142,signal,1,142,831.0,138.0
bond_ch1_lane143,signal,1,143,831.0,147.0
VDD_BOND,power,1,-1,835.5,124.5
VSS_BOND,power,1,-1,835.5,133.5
VDD_BOND,power,1,-1,835.5,142.5
VSS_BOND,power,1,-1,835.5,151.5
bond_ch1_lane144,signal,1,144,840.0,120.0
bond_ch1_lane145,signal,1,145,840.0,129.0
bond_ch1_lane146,signal,1,146,840.0,138.0
bond_ch1_lane147,signal,1,147,840.0,147.0
bond_ch1_lane148,signal,1,148,849.0,120.0
bond_ch1_lane149,signal,1,149,849.0,129.0
bond_ch1_lane150,signal,1,150,849.0,138.0
bond_ch1_lane151,signal,1,151,849.0,147.0
bond_ch1_lane152,signal,1,152,858.0,120.0
bond_ch1_lane153,signal,1,153,858.0,129.0
bond_ch1_lane154,signal,1,154,858.0,138.0
bond_ch1_lane155,signal,1,155,858.0,147.0
bond_ch1_lane156,signal,1,156,867.0,120.0
bond_ch1_lane157,signal,1,157,867.0,129.0
bond_ch1_lane158,signal,1,158,867.0,138.0
bond_ch1_lane159,signal,1,159,867.0,147.0
VDD_BOND,power,1,-1,871.5,124.5
VSS_BOND,power,1,-1,871.5,133.5
VDD_BOND,power,1,-1,871.5,142.5
VSS_BOND,power,1,-1,871.5,151.5
bond_ch1_lane160,signal,1,160,876.0,120.0
bond_ch1_lane161,signal,1,161,876.0,129.0
bond_ch1_lane162,signal,1,162,876.0,138.0
bond_ch1_lane163,signal,1,163,876.0,147.0
bond_ch1_lane164_spare,signal,1,164,885.0,120.0
bond_ch1_lane165_spare,signal,1,165,885.0,129.0
bond_ch1_lane166_spare,signal,1,166,885.0,138.0
bond_ch1_lane167_spare,signal,1,167,885.0,147.0
bond_ch1_lane168_spare,signal,1,168,894.0,120.0
bond_ch1_lane169_spare,signal,1,169,894.0,129.0
bond_ch1_lane170_spare,signal,1,170,894.0,138.0
bond_ch1_lane171_spare,signal,1,171,894.0,147.0
VDD_BOND,power,1,-1,898.5,124.5
VSS_BOND,power,1,-1,898.5,133.5
VDD_BOND,power,1,-1,898.5,142.5
VSS_BOND,power,1,-1,898.5,151.5
bond_ch2_lane0,signal,2,0,912.0,120.0
bond_ch2_lane1,signal,2,1,912.0,129.0
bond_ch2_lane2,signal,2,2,912.0,138.0
bond_ch2_lane3,signal,2,3,912.0,147.0
VDD_BOND,power,2,-1,916.5,124.5
VSS_BOND,power,2,-1,916.5,133.5
VDD_BOND,power,2,-1,916.5,142.5
VSS_BOND,power,2,-1,916.5,151.5
bond_ch2_lane4,signal,2,4,921.0,120.0
bond_ch2_lane5,signal,2,5,921.0,129.0
bond_ch2_lane6,signal,2,6,921.0,138.0
bond_ch2_lane7,signal,2,7,921.0,147.0
bond_ch2_lane8,signal,2,8,930.0,120.0
bond_ch2_lane9,signal,2,9,930.0,129.0
bond_ch2_lane10,signal,2,10,930.0,138.0
bond_ch2_lane11,signal,2,11,930.0,147.0
bond_ch2_lane12,signal,2,12,939.0,120.0
bond_ch2_lane13,signal,2,13,939.0,129.0
bond_ch2_lane14,signal,2,14,939.0,138.0
bond_ch2_lane15,signal,2,15,939.0,147.0
VDD_BOND,power,2,-1,943.5,124.5
VSS_BOND,power,2,-1,943.5,133.5
VDD_BOND,power,2,-1,943.5,142.5
VSS_BOND,power,2,-1,943.5,151.5
bond_ch2_lane16,signal,2,16,948.0,120.0
bond_ch2_lane17,signal,2,17,948.0,129.0
bond_ch2_lane18,signal,2,18,948.0,138.0
bond_ch2_lane19,signal,2,19,948.0,147.0
bond_ch2_lane20,signal,2,20,957.0,120.0
bond_ch2_lane21,signal,2,21,957.0,129.0
bond_ch2_lane22,signal,2,22,957.0,138.0
bond_ch2_lane23,signal,2,23,957.0,147.0
bond_ch2_lane24,signal,2,24,966.0,120.0
bond_ch2_lane25,signal,2,25,966.0,129.0
bond_ch2_lane26,signal,2,26,966.0,138.0
bond_ch2_lane27,signal,2,27,966.0,147.0
bond_ch2_lane28,signal,2,28,975.0,120.0
bond_ch2_lane29,signal,2,29,975.0,129.0
bond_ch2_lane30,signal,2,30,975.0,138.0
bond_ch2_lane31,signal,2,31,975.0,147.0
VDD_BOND,power,2,-1,979.5,124.5
VSS_BOND,power,2,-1,979.5,133.5
VDD_BOND,power,2,-1,979.5,142.5
VSS_BOND,power,2,-1,979.5,151.5
bond_ch2_lane32,signal,2,32,984.0,120.0
bond_ch2_lane33,signal,2,33,984.0,129.0
bond_ch2_lane34,signal,2,34,984.0,138.0
bond_ch2_lane35,signal,2,35,984.0,147.0
bond_ch2_lane36,signal,2,36,993.0,120.0
bond_ch2_lane37,signal,2,37,993.0,129.0
bond_ch2_lane38,signal,2,38,993.0,138.0
bond_ch2_lane39,signal,2,39,993.0,147.0
bond_ch2_lane40,signal,2,40,1002.0,120.0
bond_ch2_lane41,signal,2,41,1002.0,129.0
bond_ch2_lane42,signal,2,42,1002.0,138.0
bond_ch2_lane43,signal,2,43,1002.0,147.0
bond_ch2_lane44,signal,2,44,1011.0,120.0
bond_ch2_lane45,signal,2,45,1011.0,129.0
bond_ch2_lane46,signal,2,46,1011.0,138.0
bond_ch2_lane47,signal,2,47,1011.0,147.0
VDD_BOND,power,2,-1,1015.5,124.5
VSS_BOND,power,2,-1,1015.5,133.5
VDD_BOND,power,2,-1,1015.5,142.5
VSS_BOND,power,2,-1,1015.5,151.5
bond_ch2_lane48,signal,2,48,1020.0,120.0
bond_ch2_lane49,signal,2,49,1020.0,129.0
bond_ch2_lane50,signal,2,50,1020.0,138.0
bond_ch2_lane51,signal,2,51,1020.0,147.0
bond_ch2_lane52,signal,2,52,1029.0,120.0
bond_ch2_lane53,signal,2,53,1029.0,129.0
bond_ch2_lane54,signal,2,54,1029.0,138.0
bond_ch2_lane55,signal,2,55,1029.0,147.0
bond_ch2_lane56,signal,2,56,1038.0,120.0
bond_ch2_lane57,signal,2,57,1038.0,129.0
bond_ch2_lane58,signal,2,58,1038.0,138.0
bond_ch2_lane59,signal,2,59,1038.0,147.0
bond_ch2_lane60,signal,2,60,1047.0,120.0
bond_ch2_lane61,signal,2,61,1047.0,129.0
bond_ch2_lane62,signal,2,62,1047.0,138.0
bond_ch2_lane63,signal,2,63,1047.0,147.0
VDD_BOND,power,2,-1,1051.5,124.5
VSS_BOND,power,2,-1,1051.5,133.5
VDD_BOND,power,2,-1,1051.5,142.5
VSS_BOND,power,2,-1,1051.5,151.5
bond_ch2_lane64,signal,2,64,1056.0,120.0
bond_ch2_lane65,signal,2,65,1056.0,129.0
bond_ch2_lane66,signal,2,66,1056.0,138.0
bond_ch2_lane67,signal,2,67,1056.0,147.0
bond_ch2_lane68,signal,2,68,1065.0,120.0
bond_ch2_lane69,signal,2,69,1065.0,129.0
bond_ch2_lane70,signal,2,70,1065.0,138.0
bond_ch2_lane71,signal,2,71,1065.0,147.0
bond_ch2_lane72,signal,2,72,1074.0,120.0
bond_ch2_lane73,signal,2,73,1074.0,129.0
bond_ch2_lane74,signal,2,74,1074.0,138.0
bond_ch2_lane75,signal,2,75,1074.0,147.0
bond_ch2_lane76,signal,2,76,1083.0,120.0
bond_ch2_lane77,signal,2,77,1083.0,129.0
bond_ch2_lane78,signal,2,78,1083.0,138.0
bond_ch2_lane79,signal,2,79,1083.0,147.0
VDD_BOND,power,2,-1,1087.5,124.5
VSS_BOND,power,2,-1,1087.5,133.5
VDD_BOND,power,2,-1,1087.5,142.5
VSS_BOND,power,2,-1,1087.5,151.5
bond_ch2_lane80,signal,2,80,1092.0,120.0
bond_ch2_lane81,signal,2,81,1092.0,129.0
bond_ch2_lane82,signal,2,82,1092.0,138.0
bond_ch2_lane83,signal,2,83,1092.0,147.0
bond_ch2_lane84,signal,2,84,1101.0,120.0
bond_ch2_lane85,signal,2,85,1101.0,129.0
bond_ch2_lane86,signal,2,86,1101.0,138.0
bond_ch2_lane87,signal,2,87,1101.0,147.0
bond_ch2_lane88,signal,2,88,1110.0,120.0
bond_ch2_lane89,signal,2,89,1110.0,129.0
bond_ch2_lane90,signal,2,90,1110.0,138.0
bond_ch2_lane91,signal,2,91,1110.0,147.0
bond_ch2_lane92,signal,2,92,1119.0,120.0
bond_ch2_lane93,signal,2,93,1119.0,129.0
bond_ch2_lane94,signal,2,94,1119.0,138.0
bond_ch2_lane95,signal,2,95,1119.0,147.0
VDD_BOND,power,2,-1,1123.5,124.5
VSS_BOND,power,2,-1,1123.5,133.5
VDD_BOND,power,2,-1,1123.5,142.5
VSS_BOND,power,2,-1,1123.5,151.5
bond_ch2_lane96,signal,2,96,1128.0,120.0
bond_ch2_lane97,signal,2,97,1128.0,129.0
bond_ch2_lane98,signal,2,98,1128.0,138.0
bond_ch2_lane99,signal,2,99,1128.0,147.0
bond_ch2_lane100,signal,2,100,1137.0,120.0
bond_ch2_lane101,signal,2,101,1137.0,129.0
bond_ch2_lane102,signal,2,102,1137.0,138.0
bond_ch2_lane103,signal,2,103,1137.0,147.0
bond_ch2_lane104,signal,2,104,1146.0,120.0
bond_ch2_lane105,signal,2,105,1146.0,129.0
bond_ch2_lane106,signal,2,106,1146.0,138.0
bond_ch2_lane107,signal,2,107,1146.0,147.0
bond_ch2_lane108,signal,2,108,1155.0,120.0
bond_ch2_lane109,signal,2,109,1155.0,129.0
bond_ch2_lane110,signal,2,110,1155.0,138.0
bond_ch2_lane111,signal,2,111,1155.0,147.0
VDD_BOND,power,2,-1,1159.5,124.5
VSS_BOND,power,2,-1,1159.5,133.5
VDD_BOND,power,2,-1,1159.5,142.5
VSS_BOND,power,2,-1,1159.5,151.5
bond_ch2_lane112,signal,2,112,1164.0,120.0
bond_ch2_lane113,signal,2,113,1164.0,129.0
bond_ch2_lane114,signal,2,114,1164.0,138.0
bond_ch2_lane115,signal,2,115,1164.0,147.0
bond_ch2_lane116,signal,2,116,1173.0,120.0
bond_ch2_lane117,signal,2,117,1173.0,129.0
bond_ch2_lane118,signal,2,118,1173.0,138.0
bond_ch2_lane119,signal,2,119,1173.0,147.0
bond_ch2_lane120,signal,2,120,1182.0,120.0
bond_ch2_lane121,signal,2,121,1182.0,129.0
bond_ch2_lane122,signal,2,122,1182.0,138.0
bond_ch2_lane123,signal,2,123,1182.0,147.0
bond_ch2_lane124,signal,2,124,1191.0,120.0
bond_ch2_lane125,signal,2,125,1191.0,129.0
bond_ch2_lane126,signal,2,126,1191.0,138.0
bond_ch2_lane127,signal,2,127,1191.0,147.0
VDD_BOND,power,2,-1,1195.5,124.5
VSS_BOND,power,2,-1,1195.5,133.5
VDD_BOND,power,2,-1,1195.5,142.5
VSS_BOND,power,2,-1,1195.5,151.5
bond_ch2_lane128,signal,2,128,1200.0,120.0
bond_ch2_lane129,signal,2,129,1200.0,129.0
bond_ch2_lane130,signal,2,130,1200.0,138.0
bond_ch2_lane131,signal,2,131,1200.0,147.0
bond_ch2_lane132,signal,2,132,1209.0,120.0
bond_ch2_lane133,signal,2,133,1209.0,129.0
bond_ch2_lane134,signal,2,134,1209.0,138.0
bond_ch2_lane135,signal,2,135,1209.0,147.0
bond_ch2_lane136,signal,2,136,1218.0,120.0
bond_ch2_lane137,signal,2,137,1218.0,129.0
bond_ch2_lane138,signal,2,138,1218.0,138.0
bond_ch2_lane139,signal,2,139,1218.0,147.0
bond_ch2_lane140,signal,2,140,1227.0,120.0
bond_ch2_lane141,signal,2,141,1227.0,129.0
bond_ch2_lane142,signal,2,142,1227.0,138.0
bond_ch2_lane143,signal,2,143,1227.0,147.0
VDD_BOND,power,2,-1,1231.5,124.5
VSS_BOND,power,2,-1,1231.5,133.5
VDD_BOND,power,2,-1,1231.5,142.5
VSS_BOND,power,2,-1,1231.5,151.5
bond_ch2_lane144,signal,2,144,1236.0,120.0
bond_ch2_lane145,signal,2,145,1236.0,129.0
bond_ch2_lane146,signal,2,146,1236.0,138.0
bond_ch2_lane147,signal,2,147,1236.0,147.0
bond_ch2_lane148,signal,2,148,1245.0,120.0
bond_ch2_lane149,signal,2,149,1245.0,129.0
bond_ch2_lane150,signal,2,150,1245.0,138.0
bond_ch2_lane151,signal,2,151,1245.0,147.0
bond_ch2_lane152,signal,2,152,1254.0,120.0
bond_ch2_lane153,signal,2,153,1254.0,129.0
bond_ch2_lane154,signal,2,154,1254.0,138.0
bond_ch2_lane155,signal,2,155,1254.0,147.0
bond_ch2_lane156,signal,2,156,1263.0,120.0
bond_ch2_lane157,signal,2,157,1263.0,129.0
bond_ch2_lane158,signal,2,158,1263.0,138.0
bond_ch2_lane159,signal,2,159,1263.0,147.0
VDD_BOND,power,2,-1,1267.5,124.5
VSS_BOND,power,2,-1,1267.5,133.5
VDD_BOND,power,2,-1,1267.5,142.5
VSS_BOND,power,2,-1,1267.5,151.5
bond_ch2_lane160,signal,2,160,1272.0,120.0
bond_ch2_lane161,signal,2,161,1272.0,129.0
bond_ch2_lane162,signal,2,162,1272.0,138.0
bond_ch2_lane163,signal,2,163,1272.0,147.0
bond_ch2_lane164_spare,signal,2,164,1281.0,120.0
bond_ch2_lane165_spare,signal,2,165,1281.0,129.0
bond_ch2_lane166_spare,signal,2,166,1281.0,138.0
bond_ch2_lane167_spare,signal,2,167,1281.0,147.0
bond_ch2_lane168_spare,signal,2,168,1290.0,120.0
bond_ch2_lane169_spare,signal,2,169,1290.0,129.0
bond_ch2_lane170_spare,signal,2,170,1290.0,138.0
bond_ch2_lane171_spare,signal,2,171,1290.0,147.0
VDD_BOND,power,2,-1,1294.5,124.5
VSS_BOND,power,2,-1,1294.5,133.5
VDD_BOND,power,2,-1,1294.5,142.5
VSS_BOND,power,2,-1,1294.5,151.5
bond_ch3_lane0,signal,3,0,1308.0,120.0
bond_ch3_lane1,signal,3,1,1308.0,129.0
bond_ch3_lane2,signal,3,2,1308.0,138.0
bond_ch3_lane3,signal,3,3,1308.0,147.0
VDD_BOND,power,3,-1,1312.5,124.5
VSS_BOND,power,3,-1,1312.5,133.5
VDD_BOND,power,3,-1,1312.5,142.5
VSS_BOND,power,3,-1,1312.5,151.5
bond_ch3_lane4,signal,3,4,1317.0,120.0
bond_ch3_lane5,signal,3,5,1317.0,129.0
bond_ch3_lane6,signal,3,6,1317.0,138.0
bond_ch3_lane7,signal,3,7,1317.0,147.0
bond_ch3_lane8,signal,3,8,1326.0,120.0
bond_ch3_lane9,signal,3,9,1326.0,129.0
bond_ch3_lane10,signal,3,10,1326.0,138.0
bond_ch3_lane11,signal,3,11,1326.0,147.0
bond_ch3_lane12,signal,3,12,1335.0,120.0
bond_ch3_lane13,signal,3,13,1335.0,129.0
bond_ch3_lane14,signal,3,14,1335.0,138.0
bond_ch3_lane15,signal,3,15,1335.0,147.0
VDD_BOND,power,3,-1,1339.5,124.5
VSS_BOND,power,3,-1,1339.5,133.5
VDD_BOND,power,3,-1,1339.5,142.5
VSS_BOND,power,3,-1,1339.5,151.5
bond_ch3_lane16,signal,3,16,1344.0,120.0
bond_ch3_lane17,signal,3,17,1344.0,129.0
bond_ch3_lane18,signal,3,18,1344.0,138.0
bond_ch3_lane19,signal,3,19,1344.0,147.0
bond_ch3_lane20,signal,3,20,1353.0,120.0
bond_ch3_lane21,signal,3,21,1353.0,129.0
bond_ch3_lane22,signal,3,22,1353.0,138.0
bond_ch3_lane23,signal,3,23,1353.0,147.0
bond_ch3_lane24,signal,3,24,1362.0,120.0
bond_ch3_lane25,signal,3,25,1362.0,129.0
bond_ch3_lane26,signal,3,26,1362.0,138.0
bond_ch3_lane27,signal,3,27,1362.0,147.0
bond_ch3_lane28,signal,3,28,1371.0,120.0
bond_ch3_lane29,signal,3,29,1371.0,129.0
bond_ch3_lane30,signal,3,30,1371.0,138.0
bond_ch3_lane31,signal,3,31,1371.0,147.0
VDD_BOND,power,3,-1,1375.5,124.5
VSS_BOND,power,3,-1,1375.5,133.5
VDD_BOND,power,3,-1,1375.5,142.5
VSS_BOND,power,3,-1,1375.5,151.5
bond_ch3_lane32,signal,3,32,1380.0,120.0
bond_ch3_lane33,signal,3,33,1380.0,129.0
bond_ch3_lane34,signal,3,34,1380.0,138.0
bond_ch3_lane35,signal,3,35,1380.0,147.0
bond_ch3_lane36,signal,3,36,1389.0,120.0
bond_ch3_lane37,signal,3,37,1389.0,129.0
bond_ch3_lane38,signal,3,38,1389.0,138.0
bond_ch3_lane39,signal,3,39,1389.0,147.0
bond_ch3_lane40,signal,3,40,1398.0,120.0
bond_ch3_lane41,signal,3,41,1398.0,129.0
bond_ch3_lane42,signal,3,42,1398.0,138.0
bond_ch3_lane43,signal,3,43,1398.0,147.0
bond_ch3_lane44,signal,3,44,1407.0,120.0
bond_ch3_lane45,signal,3,45,1407.0,129.0
bond_ch3_lane46,signal,3,46,1407.0,138.0
bond_ch3_lane47,signal,3,47,1407.0,147.0
VDD_BOND,power,3,-1,1411.5,124.5
VSS_BOND,power,3,-1,1411.5,133.5
VDD_BOND,power,3,-1,1411.5,142.5
VSS_BOND,power,3,-1,1411.5,151.5
bond_ch3_lane48,signal,3,48,1416.0,120.0
bond_ch3_lane49,signal,3,49,1416.0,129.0
bond_ch3_lane50,signal,3,50,1416.0,138.0
bond_ch3_lane51,signal,3,51,1416.0,147.0
bond_ch3_lane52,signal,3,52,1425.0,120.0
bond_ch3_lane53,signal,3,53,1425.0,129.0
bond_ch3_lane54,signal,3,54,1425.0,138.0
bond_ch3_lane55,signal,3,55,1425.0,147.0
bond_ch3_lane56,signal,3,56,1434.0,120.0
bond_ch3_lane57,signal,3,57,1434.0,129.0
bond_ch3_lane58,signal,3,58,1434.0,138.0
bond_ch3_lane59,signal,3,59,1434.0,147.0
bond_ch3_lane60,signal,3,60,1443.0,120.0
bond_ch3_lane61,signal,3,61,1443.0,129.0
bond_ch3_lane62,signal,3,62,1443.0,138.0
bond_ch3_lane63,signal,3,63,1443.0,147.0
VDD_BOND,power,3,-1,1447.5,124.5
VSS_BOND,power,3,-1,1447.5,133.5
VDD_BOND,power,3,-1,1447.5,142.5
VSS_BOND,power,3,-1,1447.5,151.5
bond_ch3_lane64,signal,3,64,1452.0,120.0
bond_ch3_lane65,signal,3,65,1452.0,129.0
bond_ch3_lane66,signal,3,66,1452.0,138.0
bond_ch3_lane67,signal,3,67,1452.0,147.0
bond_ch3_lane68,signal,3,68,1461.0,120.0
bond_ch3_lane69,signal,3,69,1461.0,129.0
bond_ch3_lane70,signal,3,70,1461.0,138.0
bond_ch3_lane71,signal,3,71,1461.0,147.0
bond_ch3_lane72,signal,3,72,1470.0,120.0
bond_ch3_lane73,signal,3,73,1470.0,129.0
bond_ch3_lane74,signal,3,74,1470.0,138.0
bond_ch3_lane75,signal,3,75,1470.0,147.0
bond_ch3_lane76,signal,3,76,1479.0,120.0
bond_ch3_lane77,signal,3,77,1479.0,129.0
bond_ch3_lane78,signal,3,78,1479.0,138.0
bond_ch3_lane79,signal,3,79,1479.0,147.0
VDD_BOND,power,3,-1,1483.5,124.5
VSS_BOND,power,3,-1,1483.5,133.5
VDD_BOND,power,3,-1,1483.5,142.5
VSS_BOND,power,3,-1,1483.5,151.5
bond_ch3_lane80,signal,3,80,1488.0,120.0
bond_ch3_lane81,signal,3,81,1488.0,129.0
bond_ch3_lane82,signal,3,82,1488.0,138.0
bond_ch3_lane83,signal,3,83,1488.0,147.0
bond_ch3_lane84,signal,3,84,1497.0,120.0
bond_ch3_lane85,signal,3,85,1497.0,129.0
bond_ch3_lane86,signal,3,86,1497.0,138.0
bond_ch3_lane87,signal,3,87,1497.0,147.0
bond_ch3_lane88,signal,3,88,1506.0,120.0
bond_ch3_lane89,signal,3,89,1506.0,129.0
bond_ch3_lane90,signal,3,90,1506.0,138.0
bond_ch3_lane91,signal,3,91,1506.0,147.0
bond_ch3_lane92,signal,3,92,1515.0,120.0
bond_ch3_lane93,signal,3,93,1515.0,129.0
bond_ch3_lane94,signal,3,94,1515.0,138.0
bond_ch3_lane95,signal,3,95,1515.0,147.0
VDD_BOND,power,3,-1,1519.5,124.5
VSS_BOND,power,3,-1,1519.5,133.5
VDD_BOND,power,3,-1,1519.5,142.5
VSS_BOND,power,3,-1,1519.5,151.5
bond_ch3_lane96,signal,3,96,1524.0,120.0
bond_ch3_lane97,signal,3,97,1524.0,129.0
bond_ch3_lane98,signal,3,98,1524.0,138.0
bond_ch3_lane99,signal,3,99,1524.0,147.0
bond_ch3_lane100,signal,3,100,1533.0,120.0
bond_ch3_lane101,signal,3,101,1533.0,129.0
bond_ch3_lane102,signal,3,102,1533.0,138.0
bond_ch3_lane103,signal,3,103,1533.0,147.0
bond_ch3_lane104,signal,3,104,1542.0,120.0
bond_ch3_lane105,signal,3,105,1542.0,129.0
bond_ch3_lane106,signal,3,106,1542.0,138.0
bond_ch3_lane107,signal,3,107,1542.0,147.0
bond_ch3_lane108,signal,3,108,1551.0,120.0
bond_ch3_lane109,signal,3,109,1551.0,129.0
bond_ch3_lane110,signal,3,110,1551.0,138.0
bond_ch3_lane111,signal,3,111,1551.0,147.0
VDD_BOND,power,3,-1,1555.5,124.5
VSS_BOND,power,3,-1,1555.5,133.5
VDD_BOND,power,3,-1,1555.5,142.5
VSS_BOND,power,3,-1,1555.5,151.5
bond_ch3_lane112,signal,3,112,1560.0,120.0
bond_ch3_lane113,signal,3,113,1560.0,129.0
bond_ch3_lane114,signal,3,114,1560.0,138.0
bond_ch3_lane115,signal,3,115,1560.0,147.0
bond_ch3_lane116,signal,3,116,1569.0,120.0
bond_ch3_lane117,signal,3,117,1569.0,129.0
bond_ch3_lane118,signal,3,118,1569.0,138.0
bond_ch3_lane119,signal,3,119,1569.0,147.0
bond_ch3_lane120,signal,3,120,1578.0,120.0
bond_ch3_lane121,signal,3,121,1578.0,129.0
bond_ch3_lane122,signal,3,122,1578.0,138.0
bond_ch3_lane123,signal,3,123,1578.0,147.0
bond_ch3_lane124,signal,3,124,1587.0,120.0
bond_ch3_lane125,signal,3,125,1587.0,129.0
bond_ch3_lane126,signal,3,126,1587.0,138.0
bond_ch3_lane127,signal,3,127,1587.0,147.0
VDD_BOND,power,3,-1,1591.5,124.5
VSS_BOND,power,3,-1,1591.5,133.5
VDD_BOND,power,3,-1,1591.5,142.5
VSS_BOND,power,3,-1,1591.5,151.5
bond_ch3_lane128,signal,3,128,1596.0,120.0
bond_ch3_lane129,signal,3,129,1596.0,129.0
bond_ch3_lane130,signal,3,130,1596.0,138.0
bond_ch3_lane131,signal,3,131,1596.0,147.0
bond_ch3_lane132,signal,3,132,1605.0,120.0
bond_ch3_lane133,signal,3,133,1605.0,129.0
bond_ch3_lane134,signal,3,134,1605.0,138.0
bond_ch3_lane135,signal,3,135,1605.0,147.0
bond_ch3_lane136,signal,3,136,1614.0,120.0
bond_ch3_lane137,signal,3,137,1614.0,129.0
bond_ch3_lane138,signal,3,138,1614.0,138.0
bond_ch3_lane139,signal,3,139,1614.0,147.0
bond_ch3_lane140,signal,3,140,1623.0,120.0
bond_ch3_lane141,signal,3,141,1623.0,129.0
bond_ch3_lane142,signal,3,142,1623.0,138.0
bond_ch3_lane143,signal,3,143,1623.0,147.0
VDD_BOND,power,3,-1,1627.5,124.5
VSS_BOND,power,3,-1,1627.5,133.5
VDD_BOND,power,3,-1,1627.5,142.5
VSS_BOND,power,3,-1,1627.5,151.5
bond_ch3_lane144,signal,3,144,1632.0,120.0
bond_ch3_lane145,signal,3,145,1632.0,129.0
bond_ch3_lane146,signal,3,146,1632.0,138.0
bond_ch3_lane147,signal,3,147,1632.0,147.0
bond_ch3_lane148,signal,3,148,1641.0,120.0
bond_ch3_lane149,signal,3,149,1641.0,129.0
bond_ch3_lane150,signal,3,150,1641.0,138.0
bond_ch3_lane151,signal,3,151,1641.0,147.0
bond_ch3_lane152,signal,3,152,1650.0,120.0
bond_ch3_lane153,signal,3,153,1650.0,129.0
bond_ch3_lane154,signal,3,154,1650.0,138.0
bond_ch3_lane155,signal,3,155,1650.0,147.0
bond_ch3_lane156,signal,3,156,1659.0,120.0
bond_ch3_lane157,signal,3,157,1659.0,129.0
bond_ch3_lane158,signal,3,158,1659.0,138.0
bond_ch3_lane159,signal,3,159,1659.0,147.0
VDD_BOND,power,3,-1,1663.5,124.5
VSS_BOND,power,3,-1,1663.5,133.5
VDD_BOND,power,3,-1,1663.5,142.5
VSS_BOND,power,3,-1,1663.5,151.5
bond_ch3_lane160,signal,3,160,1668.0,120.0
bond_ch3_lane161,signal,3,161,1668.0,129.0
bond_ch3_lane162,signal,3,162,1668.0,138.0
bond_ch3_lane163,signal,3,163,1668.0,147.0
bond_ch3_lane164_spare,signal,3,164,1677.0,120.0
bond_ch3_lane165_spare,signal,3,165,1677.0,129.0
bond_ch3_lane166_spare,signal,3,166,1677.0,138.0
bond_ch3_lane167_spare,signal,3,167,1677.0,147.0
bond_ch3_lane168_spare,signal,3,168,1686.0,120.0
bond_ch3_lane169_spare,signal,3,169,1686.0,129.0
bond_ch3_lane170_spare,signal,3,170,1686.0,138.0
bond_ch3_lane171_spare,signal,3,171,1686.0,147.0
VDD_BOND,power,3,-1,1690.5,124.5
VSS_BOND,power,3,-1,1690.5,133.5
VDD_BOND,power,3,-1,1690.5,142.5
VSS_BOND,power,3,-1,1690.5,151.5
bond_ch4_lane0,signal,4,0,1704.0,120.0
bond_ch4_lane1,signal,4,1,1704.0,129.0
bond_ch4_lane2,signal,4,2,1704.0,138.0
bond_ch4_lane3,signal,4,3,1704.0,147.0
VDD_BOND,power,4,-1,1708.5,124.5
VSS_BOND,power,4,-1,1708.5,133.5
VDD_BOND,power,4,-1,1708.5,142.5
VSS_BOND,power,4,-1,1708.5,151.5
bond_ch4_lane4,signal,4,4,1713.0,120.0
bond_ch4_lane5,signal,4,5,1713.0,129.0
bond_ch4_lane6,signal,4,6,1713.0,138.0
bond_ch4_lane7,signal,4,7,1713.0,147.0
bond_ch4_lane8,signal,4,8,1722.0,120.0
bond_ch4_lane9,signal,4,9,1722.0,129.0
bond_ch4_lane10,signal,4,10,1722.0,138.0
bond_ch4_lane11,signal,4,11,1722.0,147.0
bond_ch4_lane12,signal,4,12,1731.0,120.0
bond_ch4_lane13,signal,4,13,1731.0,129.0
bond_ch4_lane14,signal,4,14,1731.0,138.0
bond_ch4_lane15,signal,4,15,1731.0,147.0
VDD_BOND,power,4,-1,1735.5,124.5
VSS_BOND,power,4,-1,1735.5,133.5
VDD_BOND,power,4,-1,1735.5,142.5
VSS_BOND,power,4,-1,1735.5,151.5
bond_ch4_lane16,signal,4,16,1740.0,120.0
bond_ch4_lane17,signal,4,17,1740.0,129.0
bond_ch4_lane18,signal,4,18,1740.0,138.0
bond_ch4_lane19,signal,4,19,1740.0,147.0
bond_ch4_lane20,signal,4,20,1749.0,120.0
bond_ch4_lane21,signal,4,21,1749.0,129.0
bond_ch4_lane22,signal,4,22,1749.0,138.0
bond_ch4_lane23,signal,4,23,1749.0,147.0
bond_ch4_lane24,signal,4,24,1758.0,120.0
bond_ch4_lane25,signal,4,25,1758.0,129.0
bond_ch4_lane26,signal,4,26,1758.0,138.0
bond_ch4_lane27,signal,4,27,1758.0,147.0
bond_ch4_lane28,signal,4,28,1767.0,120.0
bond_ch4_lane29,signal,4,29,1767.0,129.0
bond_ch4_lane30,signal,4,30,1767.0,138.0
bond_ch4_lane31,signal,4,31,1767.0,147.0
VDD_BOND,power,4,-1,1771.5,124.5
VSS_BOND,power,4,-1,1771.5,133.5
VDD_BOND,power,4,-1,1771.5,142.5
VSS_BOND,power,4,-1,1771.5,151.5
bond_ch4_lane32,signal,4,32,1776.0,120.0
bond_ch4_lane33,signal,4,33,1776.0,129.0
bond_ch4_lane34,signal,4,34,1776.0,138.0
bond_ch4_lane35,signal,4,35,1776.0,147.0
bond_ch4_lane36,signal,4,36,1785.0,120.0
bond_ch4_lane37,signal,4,37,1785.0,129.0
bond_ch4_lane38,signal,4,38,1785.0,138.0
bond_ch4_lane39,signal,4,39,1785.0,147.0
bond_ch4_lane40,signal,4,40,1794.0,120.0
bond_ch4_lane41,signal,4,41,1794.0,129.0
bond_ch4_lane42,signal,4,42,1794.0,138.0
bond_ch4_lane43,signal,4,43,1794.0,147.0
bond_ch4_lane44,signal,4,44,1803.0,120.0
bond_ch4_lane45,signal,4,45,1803.0,129.0
bond_ch4_lane46,signal,4,46,1803.0,138.0
bond_ch4_lane47,signal,4,47,1803.0,147.0
VDD_BOND,power,4,-1,1807.5,124.5
VSS_BOND,power,4,-1,1807.5,133.5
VDD_BOND,power,4,-1,1807.5,142.5
VSS_BOND,power,4,-1,1807.5,151.5
bond_ch4_lane48,signal,4,48,1812.0,120.0
bond_ch4_lane49,signal,4,49,1812.0,129.0
bond_ch4_lane50,signal,4,50,1812.0,138.0
bond_ch4_lane51,signal,4,51,1812.0,147.0
bond_ch4_lane52,signal,4,52,1821.0,120.0
bond_ch4_lane53,signal,4,53,1821.0,129.0
bond_ch4_lane54,signal,4,54,1821.0,138.0
bond_ch4_lane55,signal,4,55,1821.0,147.0
bond_ch4_lane56,signal,4,56,1830.0,120.0
bond_ch4_lane57,signal,4,57,1830.0,129.0
bond_ch4_lane58,signal,4,58,1830.0,138.0
bond_ch4_lane59,signal,4,59,1830.0,147.0
bond_ch4_lane60,signal,4,60,1839.0,120.0
bond_ch4_lane61,signal,4,61,1839.0,129.0
bond_ch4_lane62,signal,4,62,1839.0,138.0
bond_ch4_lane63,signal,4,63,1839.0,147.0
VDD_BOND,power,4,-1,1843.5,124.5
VSS_BOND,power,4,-1,1843.5,133.5
VDD_BOND,power,4,-1,1843.5,142.5
VSS_BOND,power,4,-1,1843.5,151.5
bond_ch4_lane64,signal,4,64,1848.0,120.0
bond_ch4_lane65,signal,4,65,1848.0,129.0
bond_ch4_lane66,signal,4,66,1848.0,138.0
bond_ch4_lane67,signal,4,67,1848.0,147.0
bond_ch4_lane68,signal,4,68,1857.0,120.0
bond_ch4_lane69,signal,4,69,1857.0,129.0
bond_ch4_lane70,signal,4,70,1857.0,138.0
bond_ch4_lane71,signal,4,71,1857.0,147.0
bond_ch4_lane72,signal,4,72,1866.0,120.0
bond_ch4_lane73,signal,4,73,1866.0,129.0
bond_ch4_lane74,signal,4,74,1866.0,138.0
bond_ch4_lane75,signal,4,75,1866.0,147.0
bond_ch4_lane76,signal,4,76,1875.0,120.0
bond_ch4_lane77,signal,4,77,1875.0,129.0
bond_ch4_lane78,signal,4,78,1875.0,138.0
bond_ch4_lane79,signal,4,79,1875.0,147.0
VDD_BOND,power,4,-1,1879.5,124.5
VSS_BOND,power,4,-1,1879.5,133.5
VDD_BOND,power,4,-1,1879.5,142.5
VSS_BOND,power,4,-1,1879.5,151.5
bond_ch4_lane80,signal,4,80,1884.0,120.0
bond_ch4_lane81,signal,4,81,1884.0,129.0
bond_ch4_lane82,signal,4,82,1884.0,138.0
bond_ch4_lane83,signal,4,83,1884.0,147.0
bond_ch4_lane84,signal,4,84,1893.0,120.0
bond_ch4_lane85,signal,4,85,1893.0,129.0
bond_ch4_lane86,signal,4,86,1893.0,138.0
bond_ch4_lane87,signal,4,87,1893.0,147.0
bond_ch4_lane88,signal,4,88,1902.0,120.0
bond_ch4_lane89,signal,4,89,1902.0,129.0
bond_ch4_lane90,signal,4,90,1902.0,138.0
bond_ch4_lane91,signal,4,91,1902.0,147.0
bond_ch4_lane92,signal,4,92,1911.0,120.0
bond_ch4_lane93,signal,4,93,1911.0,129.0
bond_ch4_lane94,signal,4,94,1911.0,138.0
bond_ch4_lane95,signal,4,95,1911.0,147.0
VDD_BOND,power,4,-1,1915.5,124.5
VSS_BOND,power,4,-1,1915.5,133.5
VDD_BOND,power,4,-1,1915.5,142.5
VSS_BOND,power,4,-1,1915.5,151.5
bond_ch4_lane96,signal,4,96,1920.0,120.0
bond_ch4_lane97,signal,4,97,1920.0,129.0
bond_ch4_lane98,signal,4,98,1920.0,138.0
bond_ch4_lane99,signal,4,99,1920.0,147.0
bond_ch4_lane100,signal,4,100,1929.0,120.0
bond_ch4_lane101,signal,4,101,1929.0,129.0
bond_ch4_lane102,signal,4,102,1929.0,138.0
bond_ch4_lane103,signal,4,103,1929.0,147.0
bond_ch4_lane104,signal,4,104,1938.0,120.0
bond_ch4_lane105,signal,4,105,1938.0,129.0
bond_ch4_lane106,signal,4,106,1938.0,138.0
bond_ch4_lane107,signal,4,107,1938.0,147.0
bond_ch4_lane108,signal,4,108,1947.0,120.0
bond_ch4_lane109,signal,4,109,1947.0,129.0
bond_ch4_lane110,signal,4,110,1947.0,138.0
bond_ch4_lane111,signal,4,111,1947.0,147.0
VDD_BOND,power,4,-1,1951.5,124.5
VSS_BOND,power,4,-1,1951.5,133.5
VDD_BOND,power,4,-1,1951.5,142.5
VSS_BOND,power,4,-1,1951.5,151.5
bond_ch4_lane112,signal,4,112,1956.0,120.0
bond_ch4_lane113,signal,4,113,1956.0,129.0
bond_ch4_lane114,signal,4,114,1956.0,138.0
bond_ch4_lane115,signal,4,115,1956.0,147.0
bond_ch4_lane116,signal,4,116,1965.0,120.0
bond_ch4_lane117,signal,4,117,1965.0,129.0
bond_ch4_lane118,signal,4,118,1965.0,138.0
bond_ch4_lane119,signal,4,119,1965.0,147.0
bond_ch4_lane120,signal,4,120,1974.0,120.0
bond_ch4_lane121,signal,4,121,1974.0,129.0
bond_ch4_lane122,signal,4,122,1974.0,138.0
bond_ch4_lane123,signal,4,123,1974.0,147.0
bond_ch4_lane124,signal,4,124,1983.0,120.0
bond_ch4_lane125,signal,4,125,1983.0,129.0
bond_ch4_lane126,signal,4,126,1983.0,138.0
bond_ch4_lane127,signal,4,127,1983.0,147.0
VDD_BOND,power,4,-1,1987.5,124.5
VSS_BOND,power,4,-1,1987.5,133.5
VDD_BOND,power,4,-1,1987.5,142.5
VSS_BOND,power,4,-1,1987.5,151.5
bond_ch4_lane128,signal,4,128,1992.0,120.0
bond_ch4_lane129,signal,4,129,1992.0,129.0
bond_ch4_lane130,signal,4,130,1992.0,138.0
bond_ch4_lane131,signal,4,131,1992.0,147.0
bond_ch4_lane132,signal,4,132,2001.0,120.0
bond_ch4_lane133,signal,4,133,2001.0,129.0
bond_ch4_lane134,signal,4,134,2001.0,138.0
bond_ch4_lane135,signal,4,135,2001.0,147.0
bond_ch4_lane136,signal,4,136,2010.0,120.0
bond_ch4_lane137,signal,4,137,2010.0,129.0
bond_ch4_lane138,signal,4,138,2010.0,138.0
bond_ch4_lane139,signal,4,139,2010.0,147.0
bond_ch4_lane140,signal,4,140,2019.0,120.0
bond_ch4_lane141,signal,4,141,2019.0,129.0
bond_ch4_lane142,signal,4,142,2019.0,138.0
bond_ch4_lane143,signal,4,143,2019.0,147.0
VDD_BOND,power,4,-1,2023.5,124.5
VSS_BOND,power,4,-1,2023.5,133.5
VDD_BOND,power,4,-1,2023.5,142.5
VSS_BOND,power,4,-1,2023.5,151.5
bond_ch4_lane144,signal,4,144,2028.0,120.0
bond_ch4_lane145,signal,4,145,2028.0,129.0
bond_ch4_lane146,signal,4,146,2028.0,138.0
bond_ch4_lane147,signal,4,147,2028.0,147.0
bond_ch4_lane148,signal,4,148,2037.0,120.0
bond_ch4_lane149,signal,4,149,2037.0,129.0
bond_ch4_lane150,signal,4,150,2037.0,138.0
bond_ch4_lane151,signal,4,151,2037.0,147.0
bond_ch4_lane152,signal,4,152,2046.0,120.0
bond_ch4_lane153,signal,4,153,2046.0,129.0
bond_ch4_lane154,signal,4,154,2046.0,138.0
bond_ch4_lane155,signal,4,155,2046.0,147.0
bond_ch4_lane156,signal,4,156,2055.0,120.0
bond_ch4_lane157,signal,4,157,2055.0,129.0
bond_ch4_lane158,signal,4,158,2055.0,138.0
bond_ch4_lane159,signal,4,159,2055.0,147.0
VDD_BOND,power,4,-1,2059.5,124.5
VSS_BOND,power,4,-1,2059.5,133.5
VDD_BOND,power,4,-1,2059.5,142.5
VSS_BOND,power,4,-1,2059.5,151.5
bond_ch4_lane160,signal,4,160,2064.0,120.0
bond_ch4_lane161,signal,4,161,2064.0,129.0
bond_ch4_lane162,signal,4,162,2064.0,138.0
bond_ch4_lane163,signal,4,163,2064.0,147.0
bond_ch4_lane164_spare,signal,4,164,2073.0,120.0
bond_ch4_lane165_spare,signal,4,165,2073.0,129.0
bond_ch4_lane166_spare,signal,4,166,2073.0,138.0
bond_ch4_lane167_spare,signal,4,167,2073.0,147.0
bond_ch4_lane168_spare,signal,4,168,2082.0,120.0
bond_ch4_lane169_spare,signal,4,169,2082.0,129.0
bond_ch4_lane170_spare,signal,4,170,2082.0,138.0
bond_ch4_lane171_spare,signal,4,171,2082.0,147.0
VDD_BOND,power,4,-1,2086.5,124.5
VSS_BOND,power,4,-1,2086.5,133.5
VDD_BOND,power,4,-1,2086.5,142.5
VSS_BOND,power,4,-1,2086.5,151.5
bond_ch5_lane0,signal,5,0,2100.0,120.0
bond_ch5_lane1,signal,5,1,2100.0,129.0
bond_ch5_lane2,signal,5,2,2100.0,138.0
bond_ch5_lane3,signal,5,3,2100.0,147.0
VDD_BOND,power,5,-1,2104.5,124.5
VSS_BOND,power,5,-1,2104.5,133.5
VDD_BOND,power,5,-1,2104.5,142.5
VSS_BOND,power,5,-1,2104.5,151.5
bond_ch5_lane4,signal,5,4,2109.0,120.0
bond_ch5_lane5,signal,5,5,2109.0,129.0
bond_ch5_lane6,signal,5,6,2109.0,138.0
bond_ch5_lane7,signal,5,7,2109.0,147.0
bond_ch5_lane8,signal,5,8,2118.0,120.0
bond_ch5_lane9,signal,5,9,2118.0,129.0
bond_ch5_lane10,signal,5,10,2118.0,138.0
bond_ch5_lane11,signal,5,11,2118.0,147.0
bond_ch5_lane12,signal,5,12,2127.0,120.0
bond_ch5_lane13,signal,5,13,2127.0,129.0
bond_ch5_lane14,signal,5,14,2127.0,138.0
bond_ch5_lane15,signal,5,15,2127.0,147.0
VDD_BOND,power,5,-1,2131.5,124.5
VSS_BOND,power,5,-1,2131.5,133.5
VDD_BOND,power,5,-1,2131.5,142.5
VSS_BOND,power,5,-1,2131.5,151.5
bond_ch5_lane16,signal,5,16,2136.0,120.0
bond_ch5_lane17,signal,5,17,2136.0,129.0
bond_ch5_lane18,signal,5,18,2136.0,138.0
bond_ch5_lane19,signal,5,19,2136.0,147.0
bond_ch5_lane20,signal,5,20,2145.0,120.0
bond_ch5_lane21,signal,5,21,2145.0,129.0
bond_ch5_lane22,signal,5,22,2145.0,138.0
bond_ch5_lane23,signal,5,23,2145.0,147.0
bond_ch5_lane24,signal,5,24,2154.0,120.0
bond_ch5_lane25,signal,5,25,2154.0,129.0
bond_ch5_lane26,signal,5,26,2154.0,138.0
bond_ch5_lane27,signal,5,27,2154.0,147.0
bond_ch5_lane28,signal,5,28,2163.0,120.0
bond_ch5_lane29,signal,5,29,2163.0,129.0
bond_ch5_lane30,signal,5,30,2163.0,138.0
bond_ch5_lane31,signal,5,31,2163.0,147.0
VDD_BOND,power,5,-1,2167.5,124.5
VSS_BOND,power,5,-1,2167.5,133.5
VDD_BOND,power,5,-1,2167.5,142.5
VSS_BOND,power,5,-1,2167.5,151.5
bond_ch5_lane32,signal,5,32,2172.0,120.0
bond_ch5_lane33,signal,5,33,2172.0,129.0
bond_ch5_lane34,signal,5,34,2172.0,138.0
bond_ch5_lane35,signal,5,35,2172.0,147.0
bond_ch5_lane36,signal,5,36,2181.0,120.0
bond_ch5_lane37,signal,5,37,2181.0,129.0
bond_ch5_lane38,signal,5,38,2181.0,138.0
bond_ch5_lane39,signal,5,39,2181.0,147.0
bond_ch5_lane40,signal,5,40,2190.0,120.0
bond_ch5_lane41,signal,5,41,2190.0,129.0
bond_ch5_lane42,signal,5,42,2190.0,138.0
bond_ch5_lane43,signal,5,43,2190.0,147.0
bond_ch5_lane44,signal,5,44,2199.0,120.0
bond_ch5_lane45,signal,5,45,2199.0,129.0
bond_ch5_lane46,signal,5,46,2199.0,138.0
bond_ch5_lane47,signal,5,47,2199.0,147.0
VDD_BOND,power,5,-1,2203.5,124.5
VSS_BOND,power,5,-1,2203.5,133.5
VDD_BOND,power,5,-1,2203.5,142.5
VSS_BOND,power,5,-1,2203.5,151.5
bond_ch5_lane48,signal,5,48,2208.0,120.0
bond_ch5_lane49,signal,5,49,2208.0,129.0
bond_ch5_lane50,signal,5,50,2208.0,138.0
bond_ch5_lane51,signal,5,51,2208.0,147.0
bond_ch5_lane52,signal,5,52,2217.0,120.0
bond_ch5_lane53,signal,5,53,2217.0,129.0
bond_ch5_lane54,signal,5,54,2217.0,138.0
bond_ch5_lane55,signal,5,55,2217.0,147.0
bond_ch5_lane56,signal,5,56,2226.0,120.0
bond_ch5_lane57,signal,5,57,2226.0,129.0
bond_ch5_lane58,signal,5,58,2226.0,138.0
bond_ch5_lane59,signal,5,59,2226.0,147.0
bond_ch5_lane60,signal,5,60,2235.0,120.0
bond_ch5_lane61,signal,5,61,2235.0,129.0
bond_ch5_lane62,signal,5,62,2235.0,138.0
bond_ch5_lane63,signal,5,63,2235.0,147.0
VDD_BOND,power,5,-1,2239.5,124.5
VSS_BOND,power,5,-1,2239.5,133.5
VDD_BOND,power,5,-1,2239.5,142.5
VSS_BOND,power,5,-1,2239.5,151.5
bond_ch5_lane64,signal,5,64,2244.0,120.0
bond_ch5_lane65,signal,5,65,2244.0,129.0
bond_ch5_lane66,signal,5,66,2244.0,138.0
bond_ch5_lane67,signal,5,67,2244.0,147.0
bond_ch5_lane68,signal,5,68,2253.0,120.0
bond_ch5_lane69,signal,5,69,2253.0,129.0
bond_ch5_lane70,signal,5,70,2253.0,138.0
bond_ch5_lane71,signal,5,71,2253.0,147.0
bond_ch5_lane72,signal,5,72,2262.0,120.0
bond_ch5_lane73,signal,5,73,2262.0,129.0
bond_ch5_lane74,signal,5,74,2262.0,138.0
bond_ch5_lane75,signal,5,75,2262.0,147.0
bond_ch5_lane76,signal,5,76,2271.0,120.0
bond_ch5_lane77,signal,5,77,2271.0,129.0
bond_ch5_lane78,signal,5,78,2271.0,138.0
bond_ch5_lane79,signal,5,79,2271.0,147.0
VDD_BOND,power,5,-1,2275.5,124.5
VSS_BOND,power,5,-1,2275.5,133.5
VDD_BOND,power,5,-1,2275.5,142.5
VSS_BOND,power,5,-1,2275.5,151.5
bond_ch5_lane80,signal,5,80,2280.0,120.0
bond_ch5_lane81,signal,5,81,2280.0,129.0
bond_ch5_lane82,signal,5,82,2280.0,138.0
bond_ch5_lane83,signal,5,83,2280.0,147.0
bond_ch5_lane84,signal,5,84,2289.0,120.0
bond_ch5_lane85,signal,5,85,2289.0,129.0
bond_ch5_lane86,signal,5,86,2289.0,138.0
bond_ch5_lane87,signal,5,87,2289.0,147.0
bond_ch5_lane88,signal,5,88,2298.0,120.0
bond_ch5_lane89,signal,5,89,2298.0,129.0
bond_ch5_lane90,signal,5,90,2298.0,138.0
bond_ch5_lane91,signal,5,91,2298.0,147.0
bond_ch5_lane92,signal,5,92,2307.0,120.0
bond_ch5_lane93,signal,5,93,2307.0,129.0
bond_ch5_lane94,signal,5,94,2307.0,138.0
bond_ch5_lane95,signal,5,95,2307.0,147.0
VDD_BOND,power,5,-1,2311.5,124.5
VSS_BOND,power,5,-1,2311.5,133.5
VDD_BOND,power,5,-1,2311.5,142.5
VSS_BOND,power,5,-1,2311.5,151.5
bond_ch5_lane96,signal,5,96,2316.0,120.0
bond_ch5_lane97,signal,5,97,2316.0,129.0
bond_ch5_lane98,signal,5,98,2316.0,138.0
bond_ch5_lane99,signal,5,99,2316.0,147.0
bond_ch5_lane100,signal,5,100,2325.0,120.0
bond_ch5_lane101,signal,5,101,2325.0,129.0
bond_ch5_lane102,signal,5,102,2325.0,138.0
bond_ch5_lane103,signal,5,103,2325.0,147.0
bond_ch5_lane104,signal,5,104,2334.0,120.0
bond_ch5_lane105,signal,5,105,2334.0,129.0
bond_ch5_lane106,signal,5,106,2334.0,138.0
bond_ch5_lane107,signal,5,107,2334.0,147.0
bond_ch5_lane108,signal,5,108,2343.0,120.0
bond_ch5_lane109,signal,5,109,2343.0,129.0
bond_ch5_lane110,signal,5,110,2343.0,138.0
bond_ch5_lane111,signal,5,111,2343.0,147.0
VDD_BOND,power,5,-1,2347.5,124.5
VSS_BOND,power,5,-1,2347.5,133.5
VDD_BOND,power,5,-1,2347.5,142.5
VSS_BOND,power,5,-1,2347.5,151.5
bond_ch5_lane112,signal,5,112,2352.0,120.0
bond_ch5_lane113,signal,5,113,2352.0,129.0
bond_ch5_lane114,signal,5,114,2352.0,138.0
bond_ch5_lane115,signal,5,115,2352.0,147.0
bond_ch5_lane116,signal,5,116,2361.0,120.0
bond_ch5_lane117,signal,5,117,2361.0,129.0
bond_ch5_lane118,signal,5,118,2361.0,138.0
bond_ch5_lane119,signal,5,119,2361.0,147.0
bond_ch5_lane120,signal,5,120,2370.0,120.0
bond_ch5_lane121,signal,5,121,2370.0,129.0
bond_ch5_lane122,signal,5,122,2370.0,138.0
bond_ch5_lane123,signal,5,123,2370.0,147.0
bond_ch5_lane124,signal,5,124,2379.0,120.0
bond_ch5_lane125,signal,5,125,2379.0,129.0
bond_ch5_lane126,signal,5,126,2379.0,138.0
bond_ch5_lane127,signal,5,127,2379.0,147.0
VDD_BOND,power,5,-1,2383.5,124.5
VSS_BOND,power,5,-1,2383.5,133.5
VDD_BOND,power,5,-1,2383.5,142.5
VSS_BOND,power,5,-1,2383.5,151.5
bond_ch5_lane128,signal,5,128,2388.0,120.0
bond_ch5_lane129,signal,5,129,2388.0,129.0
bond_ch5_lane130,signal,5,130,2388.0,138.0
bond_ch5_lane131,signal,5,131,2388.0,147.0
bond_ch5_lane132,signal,5,132,2397.0,120.0
bond_ch5_lane133,signal,5,133,2397.0,129.0
bond_ch5_lane134,signal,5,134,2397.0,138.0
bond_ch5_lane135,signal,5,135,2397.0,147.0
bond_ch5_lane136,signal,5,136,2406.0,120.0
bond_ch5_lane137,signal,5,137,2406.0,129.0
bond_ch5_lane138,signal,5,138,2406.0,138.0
bond_ch5_lane139,signal,5,139,2406.0,147.0
bond_ch5_lane140,signal,5,140,2415.0,120.0
bond_ch5_lane141,signal,5,141,2415.0,129.0
bond_ch5_lane142,signal,5,142,2415.0,138.0
bond_ch5_lane143,signal,5,143,2415.0,147.0
VDD_BOND,power,5,-1,2419.5,124.5
VSS_BOND,power,5,-1,2419.5,133.5
VDD_BOND,power,5,-1,2419.5,142.5
VSS_BOND,power,5,-1,2419.5,151.5
bond_ch5_lane144,signal,5,144,2424.0,120.0
bond_ch5_lane145,signal,5,145,2424.0,129.0
bond_ch5_lane146,signal,5,146,2424.0,138.0
bond_ch5_lane147,signal,5,147,2424.0,147.0
bond_ch5_lane148,signal,5,148,2433.0,120.0
bond_ch5_lane149,signal,5,149,2433.0,129.0
bond_ch5_lane150,signal,5,150,2433.0,138.0
bond_ch5_lane151,signal,5,151,2433.0,147.0
bond_ch5_lane152,signal,5,152,2442.0,120.0
bond_ch5_lane153,signal,5,153,2442.0,129.0
bond_ch5_lane154,signal,5,154,2442.0,138.0
bond_ch5_lane155,signal,5,155,2442.0,147.0
bond_ch5_lane156,signal,5,156,2451.0,120.0
bond_ch5_lane157,signal,5,157,2451.0,129.0
bond_ch5_lane158,signal,5,158,2451.0,138.0
bond_ch5_lane159,signal,5,159,2451.0,147.0
VDD_BOND,power,5,-1,2455.5,124.5
VSS_BOND,power,5,-1,2455.5,133.5
VDD_BOND,power,5,-1,2455.5,142.5
VSS_BOND,power,5,-1,2455.5,151.5
bond_ch5_lane160,signal,5,160,2460.0,120.0
bond_ch5_lane161,signal,5,161,2460.0,129.0
bond_ch5_lane162,signal,5,162,2460.0,138.0
bond_ch5_lane163,signal,5,163,2460.0,147.0
bond_ch5_lane164_spare,signal,5,164,2469.0,120.0
bond_ch5_lane165_spare,signal,5,165,2469.0,129.0
bond_ch5_lane166_spare,signal,5,166,2469.0,138.0
bond_ch5_lane167_spare,signal,5,167,2469.0,147.0
bond_ch5_lane168_spare,signal,5,168,2478.0,120.0
bond_ch5_lane169_spare,signal,5,169,2478.0,129.0
bond_ch5_lane170_spare,signal,5,170,2478.0,138.0
bond_ch5_lane171_spare,signal,5,171,2478.0,147.0
VDD_BOND,power,5,-1,2482.5,124.5
VSS_BOND,power,5,-1,2482.5,133.5
VDD_BOND,power,5,-1,2482.5,142.5
VSS_BOND,power,5,-1,2482.5,151.5
bond_ch6_lane0,signal,6,0,2496.0,120.0
bond_ch6_lane1,signal,6,1,2496.0,129.0
bond_ch6_lane2,signal,6,2,2496.0,138.0
bond_ch6_lane3,signal,6,3,2496.0,147.0
VDD_BOND,power,6,-1,2500.5,124.5
VSS_BOND,power,6,-1,2500.5,133.5
VDD_BOND,power,6,-1,2500.5,142.5
VSS_BOND,power,6,-1,2500.5,151.5
bond_ch6_lane4,signal,6,4,2505.0,120.0
bond_ch6_lane5,signal,6,5,2505.0,129.0
bond_ch6_lane6,signal,6,6,2505.0,138.0
bond_ch6_lane7,signal,6,7,2505.0,147.0
bond_ch6_lane8,signal,6,8,2514.0,120.0
bond_ch6_lane9,signal,6,9,2514.0,129.0
bond_ch6_lane10,signal,6,10,2514.0,138.0
bond_ch6_lane11,signal,6,11,2514.0,147.0
bond_ch6_lane12,signal,6,12,2523.0,120.0
bond_ch6_lane13,signal,6,13,2523.0,129.0
bond_ch6_lane14,signal,6,14,2523.0,138.0
bond_ch6_lane15,signal,6,15,2523.0,147.0
VDD_BOND,power,6,-1,2527.5,124.5
VSS_BOND,power,6,-1,2527.5,133.5
VDD_BOND,power,6,-1,2527.5,142.5
VSS_BOND,power,6,-1,2527.5,151.5
bond_ch6_lane16,signal,6,16,2532.0,120.0
bond_ch6_lane17,signal,6,17,2532.0,129.0
bond_ch6_lane18,signal,6,18,2532.0,138.0
bond_ch6_lane19,signal,6,19,2532.0,147.0
bond_ch6_lane20,signal,6,20,2541.0,120.0
bond_ch6_lane21,signal,6,21,2541.0,129.0
bond_ch6_lane22,signal,6,22,2541.0,138.0
bond_ch6_lane23,signal,6,23,2541.0,147.0
bond_ch6_lane24,signal,6,24,2550.0,120.0
bond_ch6_lane25,signal,6,25,2550.0,129.0
bond_ch6_lane26,signal,6,26,2550.0,138.0
bond_ch6_lane27,signal,6,27,2550.0,147.0
bond_ch6_lane28,signal,6,28,2559.0,120.0
bond_ch6_lane29,signal,6,29,2559.0,129.0
bond_ch6_lane30,signal,6,30,2559.0,138.0
bond_ch6_lane31,signal,6,31,2559.0,147.0
VDD_BOND,power,6,-1,2563.5,124.5
VSS_BOND,power,6,-1,2563.5,133.5
VDD_BOND,power,6,-1,2563.5,142.5
VSS_BOND,power,6,-1,2563.5,151.5
bond_ch6_lane32,signal,6,32,2568.0,120.0
bond_ch6_lane33,signal,6,33,2568.0,129.0
bond_ch6_lane34,signal,6,34,2568.0,138.0
bond_ch6_lane35,signal,6,35,2568.0,147.0
bond_ch6_lane36,signal,6,36,2577.0,120.0
bond_ch6_lane37,signal,6,37,2577.0,129.0
bond_ch6_lane38,signal,6,38,2577.0,138.0
bond_ch6_lane39,signal,6,39,2577.0,147.0
bond_ch6_lane40,signal,6,40,2586.0,120.0
bond_ch6_lane41,signal,6,41,2586.0,129.0
bond_ch6_lane42,signal,6,42,2586.0,138.0
bond_ch6_lane43,signal,6,43,2586.0,147.0
bond_ch6_lane44,signal,6,44,2595.0,120.0
bond_ch6_lane45,signal,6,45,2595.0,129.0
bond_ch6_lane46,signal,6,46,2595.0,138.0
bond_ch6_lane47,signal,6,47,2595.0,147.0
VDD_BOND,power,6,-1,2599.5,124.5
VSS_BOND,power,6,-1,2599.5,133.5
VDD_BOND,power,6,-1,2599.5,142.5
VSS_BOND,power,6,-1,2599.5,151.5
bond_ch6_lane48,signal,6,48,2604.0,120.0
bond_ch6_lane49,signal,6,49,2604.0,129.0
bond_ch6_lane50,signal,6,50,2604.0,138.0
bond_ch6_lane51,signal,6,51,2604.0,147.0
bond_ch6_lane52,signal,6,52,2613.0,120.0
bond_ch6_lane53,signal,6,53,2613.0,129.0
bond_ch6_lane54,signal,6,54,2613.0,138.0
bond_ch6_lane55,signal,6,55,2613.0,147.0
bond_ch6_lane56,signal,6,56,2622.0,120.0
bond_ch6_lane57,signal,6,57,2622.0,129.0
bond_ch6_lane58,signal,6,58,2622.0,138.0
bond_ch6_lane59,signal,6,59,2622.0,147.0
bond_ch6_lane60,signal,6,60,2631.0,120.0
bond_ch6_lane61,signal,6,61,2631.0,129.0
bond_ch6_lane62,signal,6,62,2631.0,138.0
bond_ch6_lane63,signal,6,63,2631.0,147.0
VDD_BOND,power,6,-1,2635.5,124.5
VSS_BOND,power,6,-1,2635.5,133.5
VDD_BOND,power,6,-1,2635.5,142.5
VSS_BOND,power,6,-1,2635.5,151.5
bond_ch6_lane64,signal,6,64,2640.0,120.0
bond_ch6_lane65,signal,6,65,2640.0,129.0
bond_ch6_lane66,signal,6,66,2640.0,138.0
bond_ch6_lane67,signal,6,67,2640.0,147.0
bond_ch6_lane68,signal,6,68,2649.0,120.0
bond_ch6_lane69,signal,6,69,2649.0,129.0
bond_ch6_lane70,signal,6,70,2649.0,138.0
bond_ch6_lane71,signal,6,71,2649.0,147.0
bond_ch6_lane72,signal,6,72,2658.0,120.0
bond_ch6_lane73,signal,6,73,2658.0,129.0
bond_ch6_lane74,signal,6,74,2658.0,138.0
bond_ch6_lane75,signal,6,75,2658.0,147.0
bond_ch6_lane76,signal,6,76,2667.0,120.0
bond_ch6_lane77,signal,6,77,2667.0,129.0
bond_ch6_lane78,signal,6,78,2667.0,138.0
bond_ch6_lane79,signal,6,79,2667.0,147.0
VDD_BOND,power,6,-1,2671.5,124.5
VSS_BOND,power,6,-1,2671.5,133.5
VDD_BOND,power,6,-1,2671.5,142.5
VSS_BOND,power,6,-1,2671.5,151.5
bond_ch6_lane80,signal,6,80,2676.0,120.0
bond_ch6_lane81,signal,6,81,2676.0,129.0
bond_ch6_lane82,signal,6,82,2676.0,138.0
bond_ch6_lane83,signal,6,83,2676.0,147.0
bond_ch6_lane84,signal,6,84,2685.0,120.0
bond_ch6_lane85,signal,6,85,2685.0,129.0
bond_ch6_lane86,signal,6,86,2685.0,138.0
bond_ch6_lane87,signal,6,87,2685.0,147.0
bond_ch6_lane88,signal,6,88,2694.0,120.0
bond_ch6_lane89,signal,6,89,2694.0,129.0
bond_ch6_lane90,signal,6,90,2694.0,138.0
bond_ch6_lane91,signal,6,91,2694.0,147.0
bond_ch6_lane92,signal,6,92,2703.0,120.0
bond_ch6_lane93,signal,6,93,2703.0,129.0
bond_ch6_lane94,signal,6,94,2703.0,138.0
bond_ch6_lane95,signal,6,95,2703.0,147.0
VDD_BOND,power,6,-1,2707.5,124.5
VSS_BOND,power,6,-1,2707.5,133.5
VDD_BOND,power,6,-1,2707.5,142.5
VSS_BOND,power,6,-1,2707.5,151.5
bond_ch6_lane96,signal,6,96,2712.0,120.0
bond_ch6_lane97,signal,6,97,2712.0,129.0
bond_ch6_lane98,signal,6,98,2712.0,138.0
bond_ch6_lane99,signal,6,99,2712.0,147.0
bond_ch6_lane100,signal,6,100,2721.0,120.0
bond_ch6_lane101,signal,6,101,2721.0,129.0
bond_ch6_lane102,signal,6,102,2721.0,138.0
bond_ch6_lane103,signal,6,103,2721.0,147.0
bond_ch6_lane104,signal,6,104,2730.0,120.0
bond_ch6_lane105,signal,6,105,2730.0,129.0
bond_ch6_lane106,signal,6,106,2730.0,138.0
bond_ch6_lane107,signal,6,107,2730.0,147.0
bond_ch6_lane108,signal,6,108,2739.0,120.0
bond_ch6_lane109,signal,6,109,2739.0,129.0
bond_ch6_lane110,signal,6,110,2739.0,138.0
bond_ch6_lane111,signal,6,111,2739.0,147.0
VDD_BOND,power,6,-1,2743.5,124.5
VSS_BOND,power,6,-1,2743.5,133.5
VDD_BOND,power,6,-1,2743.5,142.5
VSS_BOND,power,6,-1,2743.5,151.5
bond_ch6_lane112,signal,6,112,2748.0,120.0
bond_ch6_lane113,signal,6,113,2748.0,129.0
bond_ch6_lane114,signal,6,114,2748.0,138.0
bond_ch6_lane115,signal,6,115,2748.0,147.0
bond_ch6_lane116,signal,6,116,2757.0,120.0
bond_ch6_lane117,signal,6,117,2757.0,129.0
bond_ch6_lane118,signal,6,118,2757.0,138.0
bond_ch6_lane119,signal,6,119,2757.0,147.0
bond_ch6_lane120,signal,6,120,2766.0,120.0
bond_ch6_lane121,signal,6,121,2766.0,129.0
bond_ch6_lane122,signal,6,122,2766.0,138.0
bond_ch6_lane123,signal,6,123,2766.0,147.0
bond_ch6_lane124,signal,6,124,2775.0,120.0
bond_ch6_lane125,signal,6,125,2775.0,129.0
bond_ch6_lane126,signal,6,126,2775.0,138.0
bond_ch6_lane127,signal,6,127,2775.0,147.0
VDD_BOND,power,6,-1,2779.5,124.5
VSS_BOND,power,6,-1,2779.5,133.5
VDD_BOND,power,6,-1,2779.5,142.5
VSS_BOND,power,6,-1,2779.5,151.5
bond_ch6_lane128,signal,6,128,2784.0,120.0
bond_ch6_lane129,signal,6,129,2784.0,129.0
bond_ch6_lane130,signal,6,130,2784.0,138.0
bond_ch6_lane131,signal,6,131,2784.0,147.0
bond_ch6_lane132,signal,6,132,2793.0,120.0
bond_ch6_lane133,signal,6,133,2793.0,129.0
bond_ch6_lane134,signal,6,134,2793.0,138.0
bond_ch6_lane135,signal,6,135,2793.0,147.0
bond_ch6_lane136,signal,6,136,2802.0,120.0
bond_ch6_lane137,signal,6,137,2802.0,129.0
bond_ch6_lane138,signal,6,138,2802.0,138.0
bond_ch6_lane139,signal,6,139,2802.0,147.0
bond_ch6_lane140,signal,6,140,2811.0,120.0
bond_ch6_lane141,signal,6,141,2811.0,129.0
bond_ch6_lane142,signal,6,142,2811.0,138.0
bond_ch6_lane143,signal,6,143,2811.0,147.0
VDD_BOND,power,6,-1,2815.5,124.5
VSS_BOND,power,6,-1,2815.5,133.5
VDD_BOND,power,6,-1,2815.5,142.5
VSS_BOND,power,6,-1,2815.5,151.5
bond_ch6_lane144,signal,6,144,2820.0,120.0
bond_ch6_lane145,signal,6,145,2820.0,129.0
bond_ch6_lane146,signal,6,146,2820.0,138.0
bond_ch6_lane147,signal,6,147,2820.0,147.0
bond_ch6_lane148,signal,6,148,2829.0,120.0
bond_ch6_lane149,signal,6,149,2829.0,129.0
bond_ch6_lane150,signal,6,150,2829.0,138.0
bond_ch6_lane151,signal,6,151,2829.0,147.0
bond_ch6_lane152,signal,6,152,2838.0,120.0
bond_ch6_lane153,signal,6,153,2838.0,129.0
bond_ch6_lane154,signal,6,154,2838.0,138.0
bond_ch6_lane155,signal,6,155,2838.0,147.0
bond_ch6_lane156,signal,6,156,2847.0,120.0
bond_ch6_lane157,signal,6,157,2847.0,129.0
bond_ch6_lane158,signal,6,158,2847.0,138.0
bond_ch6_lane159,signal,6,159,2847.0,147.0
VDD_BOND,power,6,-1,2851.5,124.5
VSS_BOND,power,6,-1,2851.5,133.5
VDD_BOND,power,6,-1,2851.5,142.5
VSS_BOND,power,6,-1,2851.5,151.5
bond_ch6_lane160,signal,6,160,2856.0,120.0
bond_ch6_lane161,signal,6,161,2856.0,129.0
bond_ch6_lane162,signal,6,162,2856.0,138.0
bond_ch6_lane163,signal,6,163,2856.0,147.0
bond_ch6_lane164_spare,signal,6,164,2865.0,120.0
bond_ch6_lane165_spare,signal,6,165,2865.0,129.0
bond_ch6_lane166_spare,signal,6,166,2865.0,138.0
bond_ch6_lane167_spare,signal,6,167,2865.0,147.0
bond_ch6_lane168_spare,signal,6,168,2874.0,120.0
bond_ch6_lane169_spare,signal,6,169,2874.0,129.0
bond_ch6_lane170_spare,signal,6,170,2874.0,138.0
bond_ch6_lane171_spare,signal,6,171,2874.0,147.0
VDD_BOND,power,6,-1,2878.5,124.5
VSS_BOND,power,6,-1,2878.5,133.5
VDD_BOND,power,6,-1,2878.5,142.5
VSS_BOND,power,6,-1,2878.5,151.5
bond_ch7_lane0,signal,7,0,2892.0,120.0
bond_ch7_lane1,signal,7,1,2892.0,129.0
bond_ch7_lane2,signal,7,2,2892.0,138.0
bond_ch7_lane3,signal,7,3,2892.0,147.0
VDD_BOND,power,7,-1,2896.5,124.5
VSS_BOND,power,7,-1,2896.5,133.5
VDD_BOND,power,7,-1,2896.5,142.5
VSS_BOND,power,7,-1,2896.5,151.5
bond_ch7_lane4,signal,7,4,2901.0,120.0
bond_ch7_lane5,signal,7,5,2901.0,129.0
bond_ch7_lane6,signal,7,6,2901.0,138.0
bond_ch7_lane7,signal,7,7,2901.0,147.0
bond_ch7_lane8,signal,7,8,2910.0,120.0
bond_ch7_lane9,signal,7,9,2910.0,129.0
bond_ch7_lane10,signal,7,10,2910.0,138.0
bond_ch7_lane11,signal,7,11,2910.0,147.0
bond_ch7_lane12,signal,7,12,2919.0,120.0
bond_ch7_lane13,signal,7,13,2919.0,129.0
bond_ch7_lane14,signal,7,14,2919.0,138.0
bond_ch7_lane15,signal,7,15,2919.0,147.0
VDD_BOND,power,7,-1,2923.5,124.5
VSS_BOND,power,7,-1,2923.5,133.5
VDD_BOND,power,7,-1,2923.5,142.5
VSS_BOND,power,7,-1,2923.5,151.5
bond_ch7_lane16,signal,7,16,2928.0,120.0
bond_ch7_lane17,signal,7,17,2928.0,129.0
bond_ch7_lane18,signal,7,18,2928.0,138.0
bond_ch7_lane19,signal,7,19,2928.0,147.0
bond_ch7_lane20,signal,7,20,2937.0,120.0
bond_ch7_lane21,signal,7,21,2937.0,129.0
bond_ch7_lane22,signal,7,22,2937.0,138.0
bond_ch7_lane23,signal,7,23,2937.0,147.0
bond_ch7_lane24,signal,7,24,2946.0,120.0
bond_ch7_lane25,signal,7,25,2946.0,129.0
bond_ch7_lane26,signal,7,26,2946.0,138.0
bond_ch7_lane27,signal,7,27,2946.0,147.0
bond_ch7_lane28,signal,7,28,2955.0,120.0
bond_ch7_lane29,signal,7,29,2955.0,129.0
bond_ch7_lane30,signal,7,30,2955.0,138.0
bond_ch7_lane31,signal,7,31,2955.0,147.0
VDD_BOND,power,7,-1,2959.5,124.5
VSS_BOND,power,7,-1,2959.5,133.5
VDD_BOND,power,7,-1,2959.5,142.5
VSS_BOND,power,7,-1,2959.5,151.5
bond_ch7_lane32,signal,7,32,2964.0,120.0
bond_ch7_lane33,signal,7,33,2964.0,129.0
bond_ch7_lane34,signal,7,34,2964.0,138.0
bond_ch7_lane35,signal,7,35,2964.0,147.0
bond_ch7_lane36,signal,7,36,2973.0,120.0
bond_ch7_lane37,signal,7,37,2973.0,129.0
bond_ch7_lane38,signal,7,38,2973.0,138.0
bond_ch7_lane39,signal,7,39,2973.0,147.0
bond_ch7_lane40,signal,7,40,2982.0,120.0
bond_ch7_lane41,signal,7,41,2982.0,129.0
bond_ch7_lane42,signal,7,42,2982.0,138.0
bond_ch7_lane43,signal,7,43,2982.0,147.0
bond_ch7_lane44,signal,7,44,2991.0,120.0
bond_ch7_lane45,signal,7,45,2991.0,129.0
bond_ch7_lane46,signal,7,46,2991.0,138.0
bond_ch7_lane47,signal,7,47,2991.0,147.0
VDD_BOND,power,7,-1,2995.5,124.5
VSS_BOND,power,7,-1,2995.5,133.5
VDD_BOND,power,7,-1,2995.5,142.5
VSS_BOND,power,7,-1,2995.5,151.5
bond_ch7_lane48,signal,7,48,3000.0,120.0
bond_ch7_lane49,signal,7,49,3000.0,129.0
bond_ch7_lane50,signal,7,50,3000.0,138.0
bond_ch7_lane51,signal,7,51,3000.0,147.0
bond_ch7_lane52,signal,7,52,3009.0,120.0
bond_ch7_lane53,signal,7,53,3009.0,129.0
bond_ch7_lane54,signal,7,54,3009.0,138.0
bond_ch7_lane55,signal,7,55,3009.0,147.0
bond_ch7_lane56,signal,7,56,3018.0,120.0
bond_ch7_lane57,signal,7,57,3018.0,129.0
bond_ch7_lane58,signal,7,58,3018.0,138.0
bond_ch7_lane59,signal,7,59,3018.0,147.0
bond_ch7_lane60,signal,7,60,3027.0,120.0
bond_ch7_lane61,signal,7,61,3027.0,129.0
bond_ch7_lane62,signal,7,62,3027.0,138.0
bond_ch7_lane63,signal,7,63,3027.0,147.0
VDD_BOND,power,7,-1,3031.5,124.5
VSS_BOND,power,7,-1,3031.5,133.5
VDD_BOND,power,7,-1,3031.5,142.5
VSS_BOND,power,7,-1,3031.5,151.5
bond_ch7_lane64,signal,7,64,3036.0,120.0
bond_ch7_lane65,signal,7,65,3036.0,129.0
bond_ch7_lane66,signal,7,66,3036.0,138.0
bond_ch7_lane67,signal,7,67,3036.0,147.0
bond_ch7_lane68,signal,7,68,3045.0,120.0
bond_ch7_lane69,signal,7,69,3045.0,129.0
bond_ch7_lane70,signal,7,70,3045.0,138.0
bond_ch7_lane71,signal,7,71,3045.0,147.0
bond_ch7_lane72,signal,7,72,3054.0,120.0
bond_ch7_lane73,signal,7,73,3054.0,129.0
bond_ch7_lane74,signal,7,74,3054.0,138.0
bond_ch7_lane75,signal,7,75,3054.0,147.0
bond_ch7_lane76,signal,7,76,3063.0,120.0
bond_ch7_lane77,signal,7,77,3063.0,129.0
bond_ch7_lane78,signal,7,78,3063.0,138.0
bond_ch7_lane79,signal,7,79,3063.0,147.0
VDD_BOND,power,7,-1,3067.5,124.5
VSS_BOND,power,7,-1,3067.5,133.5
VDD_BOND,power,7,-1,3067.5,142.5
VSS_BOND,power,7,-1,3067.5,151.5
bond_ch7_lane80,signal,7,80,3072.0,120.0
bond_ch7_lane81,signal,7,81,3072.0,129.0
bond_ch7_lane82,signal,7,82,3072.0,138.0
bond_ch7_lane83,signal,7,83,3072.0,147.0
bond_ch7_lane84,signal,7,84,3081.0,120.0
bond_ch7_lane85,signal,7,85,3081.0,129.0
bond_ch7_lane86,signal,7,86,3081.0,138.0
bond_ch7_lane87,signal,7,87,3081.0,147.0
bond_ch7_lane88,signal,7,88,3090.0,120.0
bond_ch7_lane89,signal,7,89,3090.0,129.0
bond_ch7_lane90,signal,7,90,3090.0,138.0
bond_ch7_lane91,signal,7,91,3090.0,147.0
bond_ch7_lane92,signal,7,92,3099.0,120.0
bond_ch7_lane93,signal,7,93,3099.0,129.0
bond_ch7_lane94,signal,7,94,3099.0,138.0
bond_ch7_lane95,signal,7,95,3099.0,147.0
VDD_BOND,power,7,-1,3103.5,124.5
VSS_BOND,power,7,-1,3103.5,133.5
VDD_BOND,power,7,-1,3103.5,142.5
VSS_BOND,power,7,-1,3103.5,151.5
bond_ch7_lane96,signal,7,96,3108.0,120.0
bond_ch7_lane97,signal,7,97,3108.0,129.0
bond_ch7_lane98,signal,7,98,3108.0,138.0
bond_ch7_lane99,signal,7,99,3108.0,147.0
bond_ch7_lane100,signal,7,100,3117.0,120.0
bond_ch7_lane101,signal,7,101,3117.0,129.0
bond_ch7_lane102,signal,7,102,3117.0,138.0
bond_ch7_lane103,signal,7,103,3117.0,147.0
bond_ch7_lane104,signal,7,104,3126.0,120.0
bond_ch7_lane105,signal,7,105,3126.0,129.0
bond_ch7_lane106,signal,7,106,3126.0,138.0
bond_ch7_lane107,signal,7,107,3126.0,147.0
bond_ch7_lane108,signal,7,108,3135.0,120.0
bond_ch7_lane109,signal,7,109,3135.0,129.0
bond_ch7_lane110,signal,7,110,3135.0,138.0
bond_ch7_lane111,signal,7,111,3135.0,147.0
VDD_BOND,power,7,-1,3139.5,124.5
VSS_BOND,power,7,-1,3139.5,133.5
VDD_BOND,power,7,-1,3139.5,142.5
VSS_BOND,power,7,-1,3139.5,151.5
bond_ch7_lane112,signal,7,112,3144.0,120.0
bond_ch7_lane113,signal,7,113,3144.0,129.0
bond_ch7_lane114,signal,7,114,3144.0,138.0
bond_ch7_lane115,signal,7,115,3144.0,147.0
bond_ch7_lane116,signal,7,116,3153.0,120.0
bond_ch7_lane117,signal,7,117,3153.0,129.0
bond_ch7_lane118,signal,7,118,3153.0,138.0
bond_ch7_lane119,signal,7,119,3153.0,147.0
bond_ch7_lane120,signal,7,120,3162.0,120.0
bond_ch7_lane121,signal,7,121,3162.0,129.0
bond_ch7_lane122,signal,7,122,3162.0,138.0
bond_ch7_lane123,signal,7,123,3162.0,147.0
bond_ch7_lane124,signal,7,124,3171.0,120.0
bond_ch7_lane125,signal,7,125,3171.0,129.0
bond_ch7_lane126,signal,7,126,3171.0,138.0
bond_ch7_lane127,signal,7,127,3171.0,147.0
VDD_BOND,power,7,-1,3175.5,124.5
VSS_BOND,power,7,-1,3175.5,133.5
VDD_BOND,power,7,-1,3175.5,142.5
VSS_BOND,power,7,-1,3175.5,151.5
bond_ch7_lane128,signal,7,128,3180.0,120.0
bond_ch7_lane129,signal,7,129,3180.0,129.0
bond_ch7_lane130,signal,7,130,3180.0,138.0
bond_ch7_lane131,signal,7,131,3180.0,147.0
bond_ch7_lane132,signal,7,132,3189.0,120.0
bond_ch7_lane133,signal,7,133,3189.0,129.0
bond_ch7_lane134,signal,7,134,3189.0,138.0
bond_ch7_lane135,signal,7,135,3189.0,147.0
bond_ch7_lane136,signal,7,136,3198.0,120.0
bond_ch7_lane137,signal,7,137,3198.0,129.0
bond_ch7_lane138,signal,7,138,3198.0,138.0
bond_ch7_lane139,signal,7,139,3198.0,147.0
bond_ch7_lane140,signal,7,140,3207.0,120.0
bond_ch7_lane141,signal,7,141,3207.0,129.0
bond_ch7_lane142,signal,7,142,3207.0,138.0
bond_ch7_lane143,signal,7,143,3207.0,147.0
VDD_BOND,power,7,-1,3211.5,124.5
VSS_BOND,power,7,-1,3211.5,133.5
VDD_BOND,power,7,-1,3211.5,142.5
VSS_BOND,power,7,-1,3211.5,151.5
bond_ch7_lane144,signal,7,144,3216.0,120.0
bond_ch7_lane145,signal,7,145,3216.0,129.0
bond_ch7_lane146,signal,7,146,3216.0,138.0
bond_ch7_lane147,signal,7,147,3216.0,147.0
bond_ch7_lane148,signal,7,148,3225.0,120.0
bond_ch7_lane149,signal,7,149,3225.0,129.0
bond_ch7_lane150,signal,7,150,3225.0,138.0
bond_ch7_lane151,signal,7,151,3225.0,147.0
bond_ch7_lane152,signal,7,152,3234.0,120.0
bond_ch7_lane153,signal,7,153,3234.0,129.0
bond_ch7_lane154,signal,7,154,3234.0,138.0
bond_ch7_lane155,signal,7,155,3234.0,147.0
bond_ch7_lane156,signal,7,156,3243.0,120.0
bond_ch7_lane157,signal,7,157,3243.0,129.0
bond_ch7_lane158,signal,7,158,3243.0,138.0
bond_ch7_lane159,signal,7,159,3243.0,147.0
VDD_BOND,power,7,-1,3247.5,124.5
VSS_BOND,power,7,-1,3247.5,133.5
VDD_BOND,power,7,-1,3247.5,142.5
VSS_BOND,power,7,-1,3247.5,151.5
bond_ch7_lane160,signal,7,160,3252.0,120.0
bond_ch7_lane161,signal,7,161,3252.0,129.0
bond_ch7_lane162,signal,7,162,3252.0,138.0
bond_ch7_lane163,signal,7,163,3252.0,147.0
bond_ch7_lane164_spare,signal,7,164,3261.0,120.0
bond_ch7_lane165_spare,signal,7,165,3261.0,129.0
bond_ch7_lane166_spare,signal,7,166,3261.0,138.0
bond_ch7_lane167_spare,signal,7,167,3261.0,147.0
bond_ch7_lane168_spare,signal,7,168,3270.0,120.0
bond_ch7_lane169_spare,signal,7,169,3270.0,129.0
bond_ch7_lane170_spare,signal,7,170,3270.0,138.0
bond_ch7_lane171_spare,signal,7,171,3270.0,147.0
VDD_BOND,power,7,-1,3274.5,124.5
VSS_BOND,power,7,-1,3274.5,133.5
VDD_BOND,power,7,-1,3274.5,142.5
VSS_BOND,power,7,-1,3274.5,151.5
clk_fwd_p,control,-1,-1,120.0,102.0
clk_fwd_n,control,-1,-1,129.0,102.0
rst_n,control,-1,-1,138.0,102.0
train_en,control,-1,-1,147.0,102.0
train_ack,control,-1,-1,156.0,102.0
dft_tck,control,-1,-1,165.0,102.0
dft_tms,control,-1,-1,174.0,102.0
dft_tdi,control,-1,-1,183.0,102.0
dft_tdo,control,-1,-1,192.0,102.0
dft_trst_n,control,-1,-1,201.0,102.0
efuse_prog,control,-1,-1,210.0,102.0
efuse_sense,control,-1,-1,219.0,102.0
pwr_ok,control,-1,-1,228.0,102.0
pwr_req,control,-1,-1,237.0,102.0
thermal_alert,control,-1,-1,246.0,102.0
spare_ctl_0,control,-1,-1,255.0,102.0
spare_ctl_1,control,-1,-1,264.0,102.0
spare_ctl_2,control,-1,-1,273.0,102.0
spare_ctl_3,control,-1,-1,282.0,102.0
spare_ctl_4,control,-1,-1,291.0,102.0
spare_ctl_5,control,-1,-1,300.0,102.0
spare_ctl_6,control,-1,-1,309.0,102.0
spare_ctl_7,control,-1,-1,318.0,102.0
spare_ctl_8,control,-1,-1,327.0,102.0
